,BarId,lat,lon
0,0,40.7293891,-73.98892190000001
1,1,40.7270599,-73.98857679999998
2,2,40.728237,-73.99148629999998
3,3,40.729479600000005,-73.9872714
4,4,40.726321999999996,-73.992201
5,5,40.72901779999999,-73.9917494
6,6,40.72721809999999,-73.9940625
7,7,40.72658699999999,-73.9924731
8,8,40.7270718,-73.9919324
9,9,40.7272403,-73.99235159999998
10,10,40.729771299999996,-73.98916120000001
11,11,40.73045399999999,-73.989948
12,12,40.72831420000001,-73.988579
13,13,40.72601699999999,-73.991629
14,14,40.73237220000001,-73.9875548
15,15,40.7296403,-73.98962370000001
16,16,40.73240740000001,-73.98809770000001
17,17,40.72773000000001,-73.987792
18,18,40.7270451,-73.9881843
19,19,40.73202879999999,-73.99423349999998
20,20,40.72647429999999,-73.9834882
21,21,40.72694969999999,-73.98348
22,22,40.73030670000001,-73.9836168
23,23,40.7290841,-73.97815190000001
24,24,40.7280546,-73.9812525
25,25,40.7270921,-73.9837629
26,26,40.729904600000005,-73.98187810000002
27,27,40.72943,-73.98365
28,28,40.7271152,-73.98017929999999
29,29,40.73014149999999,-73.9807172
30,30,40.7317696,-73.9841161
31,31,40.7291222,-73.9811059
32,32,40.728287,-73.982699
33,33,40.7285356,-73.98484479999998
34,34,40.7294475,-73.9786838
35,35,40.7305745,-73.98346509999999
36,36,40.7276491,-73.9838429
37,37,40.732080100000005,-73.98373699999998
38,38,40.7298049,-73.9805954
39,39,40.7274434,-73.98521219999998
40,40,40.744223,-74.00631390000001
41,41,40.7405243,-74.0080535
42,42,40.740766,-74.008443
43,43,40.74043309999999,-74.0054753
44,44,40.73975220000001,-74.00707790000001
45,45,40.742293599999996,-74.0061245
46,46,40.743120000000005,-74.00581020000001
47,47,40.743233399999994,-74.00833990000001
48,48,40.74030589999999,-74.0075931
49,49,40.740612799999994,-74.0069163
50,50,40.74409300000001,-74.0064306
51,51,40.7406657,-74.00801329999999
52,52,40.743568700000004,-74.0032397
53,53,40.74648800000001,-74.008461
54,54,40.7408249,-74.0079698
55,55,40.7403115,-74.0055189
56,56,40.743922399999995,-74.0062324
57,57,40.740866,-74.006951
58,58,40.739633000000005,-74.00665699999998
59,59,40.7399286,-74.00580219999998
60,60,40.7141526,-74.00910640000001
61,61,40.7141109,-74.0090373
62,62,40.71435,-74.0098
63,63,40.71576030000001,-74.00868340000001
64,64,40.71649379999999,-74.00960730000001
65,65,40.71657889999999,-74.01269909999998
66,66,40.713759,-74.0082
67,67,40.7090779,-74.0114282
68,68,40.715165000000006,-74.00891920000001
69,69,40.7151158,-74.01029
70,70,40.710882,-74.00636
71,71,40.71327,-74.008043
72,72,40.71673990000001,-74.00805770000001
73,73,40.716953200000006,-74.00875049999998
74,74,40.715015,-74.015292
75,75,40.7147792,-74.00660529999998
76,76,40.7133814,-74.00849869999998
77,77,40.70986449999999,-74.00874859999998
78,78,40.717044,-74.010526
79,79,40.7150015,-74.01522179999998
80,80,40.76032319999999,-73.98856839999998
81,81,40.760804,-73.98983240000003
82,82,40.764793100000006,-73.991427
83,83,40.76088499999999,-73.9863
84,84,40.7659887,-73.9874078
85,85,40.761758,-73.98982099999998
86,86,40.76295569999999,-73.98409529999998
87,87,40.76344479999999,-73.98469990000002
88,88,40.7599972,-73.9867421
89,89,40.761612,-73.985945
90,90,40.7620599,-73.9897281
91,91,40.7623127,-73.9848901
92,92,40.7609177,-73.9874817
93,93,40.764059,-73.986953
94,94,40.7660759,-73.9866871
95,95,40.7644963,-73.98688990000001
96,96,40.76676079999999,-73.9861939
97,97,40.7609904,-73.9904652
98,98,40.7607825,-73.99003189999998
99,99,40.76127290000001,-73.98707270000001
100,100,40.7217239,-73.9571722
101,101,40.718471,-73.96001899999999
102,102,40.7172725,-73.9551066
103,103,40.7197823,-73.9600401
104,104,40.7218813,-73.95739470000001
105,105,40.7167278,-73.9612303
106,106,40.7191281,-73.96173990000001
107,107,40.7166436,-73.9613366
108,108,40.7194598,-73.9555812
109,109,40.71820580000001,-73.9574927
110,110,40.71972279999999,-73.9580217
111,111,40.721140399999996,-73.95696070000001
112,112,40.71697289999999,-73.95910450000001
113,113,40.720011,-73.955547
114,114,40.7197198,-73.9575339
115,115,40.722024299999994,-73.95807049999998
116,116,40.71960120000001,-73.96081769999998
117,117,40.71836629999999,-73.95732989999998
118,118,40.719460299999994,-73.96074519999998
119,119,40.719656799999996,-73.9559515
120,120,40.713685700000006,-73.99718659999998
121,121,40.714368,-73.99821700000001
122,122,40.714458,-73.99825899999998
123,123,40.71244,-73.994113
124,124,40.7148408,-73.99940670000001
125,125,40.715641,-73.99685699999998
126,126,40.714511200000004,-73.99803890000001
127,127,40.714951000000006,-73.99792479999998
128,128,40.7139007,-73.99705569999998
129,129,40.7133779,-73.99634300000001
130,130,40.713916299999994,-73.9968769
131,131,40.7142049,-73.99789150000001
132,132,40.7143302,-73.9980357
133,133,40.7145986,-73.9994047
134,134,40.715298,-73.9989571
135,135,40.787302399999994,-73.9515559
136,136,40.784104000000006,-73.95045400000001
137,137,40.783851,-73.949892
138,138,40.787287,-73.952823
139,139,40.78360499999999,-73.947349
140,140,40.782812,-73.95133100000001
141,141,40.783614,-73.95088799999998
142,142,40.78732979999999,-73.951583
143,143,40.786764,-73.95064599999998
144,144,40.789228,-73.948695
145,145,40.78377709999999,-73.9507208
146,146,40.7814482,-73.9485936
147,147,40.78354029999999,-73.95090030000001
148,148,40.7714959,-73.98266729999999
149,149,40.77451629999999,-73.9803005
150,150,40.771131700000005,-73.9830439
151,151,40.77150820000001,-73.9827085
152,152,40.77172019999999,-73.9816842
153,153,40.777425,-73.9831099
154,154,40.7715807,-73.9811807
155,155,40.771614899999996,-73.98177209999999
157,157,40.7728238,-73.9814468
158,158,40.773436700000005,-73.98367940000001
159,159,40.774800799999994,-73.9803116
160,160,40.77632759999999,-73.97921579999998
161,161,40.7780438,-73.9809787
162,162,40.7775486,-73.98172530000001
163,163,40.776209400000006,-73.97926749999998
164,164,40.77631289999999,-73.9830566
165,165,40.7760977,-73.9793291
166,166,40.7775282,-73.9817228
167,167,40.77780129999999,-73.9856818
168,168,40.71792840000001,-73.9901252
169,169,40.718558,-73.989333
170,170,40.717948,-73.99045199999998
171,171,40.719565700000004,-73.99503949999998
172,172,40.72060150000001,-73.9928199
173,173,40.71961159999999,-73.990573
174,174,40.7217244,-73.99321239999998
175,175,40.7184,-73.98897149999998
176,176,40.715278999999995,-73.99194399999999
177,177,40.72244409999999,-73.98998470000002
178,178,40.72261020000001,-73.99516990000001
179,179,40.7196423,-73.987809
180,180,40.72114549999999,-73.9968422
181,181,40.718659,-73.99035400000001
182,182,40.721025,-73.98769200000001
183,183,40.721324700000004,-73.9942801
184,184,40.71839,-73.989891
185,185,40.717801,-73.98984999999998
186,186,40.7211359,-73.98812120000001
187,187,40.721267,-73.992847
188,188,40.680121500000006,-73.97430250000001
189,189,40.6798925,-73.9741203
190,190,40.68017700000001,-73.9749578
191,191,40.674734,-73.975758
192,192,40.679387,-73.97378420000001
193,193,40.6782261,-73.96848359999998
194,194,40.67493579999999,-73.97529909999999
195,195,40.677059,-73.9720875
196,196,40.679033600000004,-73.97356119999998
197,197,40.6751674,-73.97468289999998
198,198,40.67989559999999,-73.97407240000001
199,199,40.68043999999999,-73.97440600000002
200,200,40.6780491,-73.9683922
201,201,40.67792929999999,-73.9792599
202,202,40.681172,-73.9756434
203,203,40.677897200000004,-73.9796495
204,204,40.6778453,-73.97264779999998
205,205,40.6749687,-73.97597809999998
206,206,40.6802496,-73.97497829999999
207,207,40.6809842,-73.97457209999999
208,208,40.80557599999999,-73.94179150000001
209,209,40.798739000000005,-73.96826999999998
210,210,40.801125799999994,-73.9681923
211,211,40.803391,-73.963921
212,212,40.804465,-73.966045
213,213,40.80229769999999,-73.9683426
214,214,40.80215400000001,-73.96405399999998
215,215,40.8000562,-73.9684479
216,216,40.8006579,-73.96584250000001
217,217,40.7987994,-73.96434620000001
218,218,40.8032289,-73.9639598
219,219,40.80366799999999,-73.96374200000001
220,220,40.80151499999999,-73.964727
221,221,40.797940600000004,-73.96907540000001
222,222,40.8025791,-73.9644394
223,223,40.7993692,-73.96877520000002
224,224,40.805167,-73.9663121
225,225,40.80009760000001,-73.9662705
226,226,40.8009753,-73.9676468
227,227,40.8022031,-73.96470079999999
228,228,40.80282799999999,-73.968058
232,232,40.713883,-73.956474
233,233,40.714268700000005,-73.96166459999998
235,235,40.7142811,-73.95601270000002
240,240,40.7139371,-73.95586309999999
241,241,40.713128000000005,-73.957452
242,242,40.71438920000001,-73.95797019999998
243,243,40.7136831,-73.9621056
244,244,40.713854,-73.96186479999999
245,245,40.71290219999999,-73.95754819999998
246,246,40.715618,-73.96475600000001
248,248,40.713064700000004,-73.9590199
249,249,40.75240170000001,-73.99351850000001
250,250,40.751379,-73.992971
251,251,40.7506213,-73.99346969999998
252,252,40.75020429999999,-73.99042790000001
253,253,40.7484662,-73.9868662
254,254,40.74996599999999,-73.98986599999998
255,255,40.747716,-73.99338900000001
256,256,40.74978529999999,-73.9862035
257,257,40.74992350000001,-73.99425740000001
258,258,40.750412,-73.986798
259,259,40.752356,-73.9901802
260,260,40.748766700000004,-73.99201059999999
261,261,40.7483605,-73.9907657
262,262,40.747575399999995,-73.9888606
263,263,40.7499396,-73.9948855
264,264,40.75244910000001,-73.98719609999998
265,265,40.7535083,-73.9922588
266,266,40.7502565,-73.98636450000001
267,267,40.75150169999999,-73.99345229999999
268,268,40.7479933,-73.9858567
269,269,40.706708,-74.008923
270,270,40.707899700000006,-74.0102563
272,272,40.7082349,-74.0049829
273,273,40.7071693,-74.00192259999999
274,274,40.7050604,-74.00865979999998
275,275,40.707270799999996,-74.00158689999998
276,276,40.70523190000001,-74.00842999999998
277,277,40.70824289999999,-74.0017165
278,278,40.70777199999999,-74.00215
279,279,40.706006,-74.004161
280,280,40.707086,-74.002481
281,281,40.70752290000001,-74.0072429
282,282,40.7076363,-74.0075839
283,283,40.70712279999999,-74.00777149999998
284,284,40.7058234,-74.0075586
285,285,40.7078815,-74.00712879999998
286,286,40.708014,-74.00506299999998
288,288,40.710733000000005,-74.0068074
299,299,40.7764593,-73.97925190000001
301,301,40.776683399999996,-73.9789486
302,302,40.77649390000001,-73.97897859999998
305,305,40.77710549999999,-73.97844769999998
308,308,40.7781966,-73.9788258
309,309,40.7120659,-73.9510463
310,310,40.7114223,-73.9510458
311,311,40.7111119,-73.94831040000001
312,312,40.7114524,-73.94783709999999
313,313,40.7121195,-73.9438486
314,314,40.71080809999999,-73.95081090000001
315,315,40.7136216,-73.9495523
316,316,40.7082358,-73.9431847
317,317,40.70749179999999,-73.94276649999998
318,318,40.71109200000001,-73.94745
319,319,40.7114786,-73.9431311
320,320,40.7139843,-73.94888809999998
321,321,40.711779799999995,-73.95153789999998
322,322,40.71295020000001,-73.9444237
323,323,40.7111202,-73.95068559999999
324,324,40.711130299999994,-73.95136959999998
325,325,40.7115567,-73.9460505
326,326,40.71147089999999,-73.94764169999998
327,327,40.7113501,-73.9492908
328,328,40.71388870000001,-73.9495218
329,329,40.7657089,-73.9692386
330,330,40.7645507,-73.969144
331,331,40.76266400000001,-73.97143419999998
332,332,40.76482000000001,-73.975335
333,333,40.7628936,-73.97142769999998
334,334,40.7644078,-73.9692112
335,335,40.764138900000006,-73.97033569999998
336,336,40.7658815,-73.96932919999998
337,337,40.764576,-73.974486
338,338,40.76440470000001,-73.9716329
339,339,40.76444199999999,-73.96708300000002
340,340,40.763319,-73.968502
341,341,40.764393,-73.9726358
342,342,40.76476719999999,-73.96985190000001
343,343,40.764144099999996,-73.97027
344,344,40.765321899999996,-73.976299
345,345,40.76663689999999,-73.9683848
346,346,40.765793,-73.97007400000003
347,347,40.76386249999999,-73.9672812
348,348,40.764220200000004,-73.9742747
349,349,40.7649588,-73.98287429999998
350,350,40.7640969,-73.98307609999998
351,351,40.7654454,-73.9805358
352,352,40.7615691,-73.98180479999998
355,355,40.76536790000001,-73.9842213
356,356,40.761896,-73.983525
357,357,40.761132700000005,-73.9829467
360,360,40.764249099999994,-73.98322689999998
362,362,40.7632617,-73.98135649999998
363,363,40.762545,-73.98248199999998
366,366,40.7611053,-73.9825075
368,368,40.7636293,-73.98103490000001
369,369,40.726232,-74.0060077
370,370,40.730118,-74.005045
371,371,40.72584440000001,-74.00949229999998
372,372,40.72871529999999,-74.00457800000001
373,373,40.727247,-74.00753900000001
374,374,40.730201,-74.003686
375,375,40.7293723,-74.0041815
376,376,40.730384,-74.00655400000001
377,377,40.7310468,-74.00649130000002
378,378,40.728801000000004,-74.004719
379,379,40.729961100000004,-74.0042313
380,380,40.727729,-74.00290600000001
381,381,40.7326247,-74.0097598
382,382,40.7260206,-74.00846899999998
383,383,40.7297538,-74.00461159999998
384,384,40.726461900000004,-74.0069797
385,385,40.730379600000006,-74.00420290000001
386,386,40.7309582,-74.0040978
387,387,40.7252839,-74.0054981
388,388,40.724847,-74.007311
395,395,40.753679,-73.995735
397,397,40.755094299999996,-73.9928341
402,402,40.754069,-73.99126899999999
404,404,40.753839,-73.99204
405,405,40.7536713,-73.9954923
406,406,40.7499963,-73.99537649999998
407,407,40.75305939999999,-73.9968647
408,408,40.748333,-73.992987
409,409,40.795564,-73.93596600000001
410,410,40.795939000000004,-73.935703
411,411,40.796213200000004,-73.93506740000001
412,412,40.796288800000006,-73.9371793
413,413,40.7956195,-73.9319355
414,414,40.798511,-73.93883300000002
415,415,40.7975926,-73.9387955
416,416,40.796422,-73.935675
417,417,40.796282,-73.93658409999998
418,418,40.797267100000006,-73.93779599999998
419,419,40.796602,-73.93231999999998
420,420,40.7154302,-74.0154465
423,423,40.708575,-74.013487
425,425,40.708029999999994,-74.01486899999998
426,426,40.709363,-74.01418050000001
427,427,40.709204,-74.01358499999998
428,428,40.710254,-74.016566
429,429,40.7111618,-74.0103057
430,430,40.71509330000001,-74.0156372
431,431,40.71026649999999,-74.01654649999999
432,432,40.71400379999999,-74.0150122
433,433,40.710289,-74.01229000000001
434,434,40.714478,-74.01602109999999
435,435,40.71011439999999,-74.0117563
436,436,40.708377299999995,-74.01404660000001
437,437,40.707512,-74.01339200000001
438,438,40.707777899999996,-74.013832
439,439,40.71143049999999,-74.0163079
441,441,40.7188899,-73.9453515
443,443,40.71475239999999,-73.94343529999998
448,448,40.714966,-73.944153
449,449,40.713488500000004,-73.94156760000001
450,450,40.7148836,-73.9447022
451,451,40.71480200000001,-73.9415801
453,453,40.718326,-73.944699
454,454,40.7172162,-73.94498860000002
456,456,40.714372,-73.948013
457,457,40.711414000000005,-73.94552359999999
458,458,40.71398,-73.944457
460,460,40.785216999999996,-73.972842
461,461,40.7855246,-73.97267190000001
462,462,40.78320199999999,-73.97488100000001
463,463,40.78450890000001,-73.9738387
464,464,40.78097400000001,-73.97646499999998
465,465,40.780233,-73.9758078
466,466,40.7843419,-73.9734658
467,467,40.784888200000005,-73.9727989
468,468,40.785307,-73.97267200000002
469,469,40.783060299999995,-73.9712488
470,470,40.730894299999996,-74.00070300000002
471,471,40.7314,-74.002382
472,472,40.7296714,-73.9989913
473,473,40.73254800000001,-74.0026278
474,474,40.73135499999999,-74.00065040000001
475,475,40.732767200000005,-74.00294709999999
476,476,40.7265328,-74.0021536
477,477,40.73193870000001,-74.00156080000001
478,478,40.733638299999996,-74.00332490000001
479,479,40.7279895,-74.00021819999998
480,480,40.7312567,-74.00236890000001
481,481,40.73379680000001,-74.002394
482,482,40.7288849,-74.00186190000001
484,484,40.73008400000001,-74.0005579
485,485,40.73186330000001,-74.00323670000002
486,486,40.7295454,-73.999516
487,487,40.7307676,-74.00097819999998
488,488,40.729352,-73.9983558
489,489,40.73270050000001,-74.0043166
490,490,40.6864662,-73.9852196
491,491,40.685910699999994,-73.9816026
492,492,40.6871891,-73.98621690000002
493,493,40.6852458,-73.9809631
494,494,40.6856352,-73.9818993
495,495,40.687334,-73.9901854
496,496,40.687971399999995,-73.9867095
497,497,40.68584659999999,-73.9885413
498,498,40.68863320000001,-73.98967640000001
499,499,40.6920369,-73.9866262
500,500,40.6912433,-73.984256
501,501,40.6890808,-73.9808536
502,502,40.6889121,-73.9887719
503,503,40.6882175,-73.98651269999998
504,504,40.68662339999999,-73.9851595
505,505,40.69087589999999,-73.9828655
506,506,40.6914878,-73.98465050000001
507,507,40.685779700000005,-73.98128009999998
508,508,40.687779,-73.97885099999998
509,509,40.6878154,-73.97882480000001
510,510,40.768449600000004,-73.95586180000001
511,511,40.770049,-73.959874
512,512,40.771057,-73.959335
513,513,40.76976749999999,-73.95433059999998
514,514,40.7712122,-73.9563677
515,515,40.772198100000004,-73.96064799999998
516,516,40.7692185,-73.9628225
517,517,40.769396,-73.955184
518,518,40.7711482,-73.95619509999999
519,519,40.771129499999994,-73.95642649999998
520,520,40.769803,-73.95792800000001
521,521,40.7710336,-73.9619506
522,522,40.7661707,-73.9556642
523,523,40.7686334,-73.95561359999998
524,524,40.7678058,-73.9593676
525,525,40.76881099999999,-73.954818
526,526,40.768276,-73.955384
527,527,40.768123200000005,-73.9554881
528,528,40.7688903,-73.9555434
529,529,40.770905,-73.95772199999998
530,530,40.7556763,-73.98187229999998
531,531,40.757282200000006,-73.983625
532,532,40.75558100000001,-73.982226
533,533,40.755551000000004,-73.989597
534,534,40.75692949999999,-73.98657949999998
535,535,40.755587,-73.98752999999998
536,536,40.756426899999994,-73.9888338
537,537,40.756421,-73.98428899999998
538,538,40.755633,-73.985258
539,539,40.75697329999999,-73.9887825
540,540,40.75548199999999,-73.987147
541,541,40.7589876,-73.9863247
542,542,40.7583364,-73.98415909999999
543,543,40.75289620000001,-73.9837762
544,544,40.757732,-73.987218
545,545,40.7574092,-73.98374090000002
546,546,40.753736700000005,-73.98577639999998
547,547,40.7559406,-73.98211169999998
549,549,40.755821600000004,-73.98945429999998
553,553,40.7248676,-74.00217070000001
554,554,40.7235659,-74.00300190000002
557,557,40.7265737,-73.99990340000001
559,559,40.72755739999999,-74.00057939999998
560,560,40.725309,-74.003843
562,562,40.7254995,-74.00306270000002
564,564,40.72736810000001,-74.0002463
565,565,40.72657529999999,-73.9998614
566,566,40.727391,-74.00039699999998
568,568,40.7298765,-74.00074690000001
569,569,40.72725140000001,-74.000105
570,570,40.7354027,-74.00313440000001
571,571,40.735879,-74.00046499999998
572,572,40.73908300000001,-74.00141500000001
573,573,40.73559079999999,-74.00666149999998
576,576,40.736030299999996,-74.00168649999998
577,577,40.736113200000005,-74.0006819
578,578,40.734295,-74.00269200000001
581,581,40.735596,-74.000357
582,582,40.73531699999999,-74.00142819999998
584,584,40.73821389999999,-74.00429799999998
586,586,40.73404,-74.00317
587,587,40.73771569999999,-74.00805319999998
588,588,40.7372515,-73.9991585
589,589,40.7347641,-74.0024128
594,594,40.745181099999996,-73.99258030000001
595,595,40.74559,-73.998525
597,597,40.744594,-73.998305
598,598,40.745325,-73.997813
600,600,40.7502925,-73.99832679999999
601,601,40.7455199,-73.99375699999999
602,602,40.74534239999999,-73.99901650000001
603,603,40.744721999999996,-73.993641
604,604,40.74411600000001,-73.99620399999998
605,605,40.7493213,-73.99402579999999
607,607,40.7446245,-73.9993703
608,608,40.74878560000001,-73.99454469999998
609,609,40.749672499999996,-73.99497059999999
610,610,40.78077599999999,-73.949401
611,611,40.78186549999999,-73.95210290000001
613,613,40.7791584,-73.95396140000001
614,614,40.779262200000005,-73.9504929
615,615,40.779478499999996,-73.9498636
617,617,40.777291,-73.94884499999998
618,618,40.77735139999999,-73.95092559999998
619,619,40.780985,-73.9490163
620,620,40.7774408,-73.951729
622,622,40.78226799999999,-73.95335200000002
624,624,40.7802371,-73.9548923
625,625,40.77941399999999,-73.950262
627,627,40.7808785,-73.9475908
628,628,40.7802711,-73.95267209999999
629,629,40.7773637,-73.9510947
630,630,40.7399782,-73.99321549999998
631,631,40.74208699999999,-73.989634
632,632,40.742975,-73.98927599999998
633,633,40.74027210000001,-73.99372340000001
634,634,40.74107300000001,-73.99293
635,635,40.7415426,-73.99298379999998
636,636,40.741163,-73.99210599999998
638,638,40.740097999999996,-73.992403
639,639,40.7423769,-73.992369
640,640,40.74118170000001,-73.99319539999998
641,641,40.738201000000004,-73.990605
642,642,40.744143900000005,-73.9895597
643,643,40.7396323,-73.9898139
645,645,40.74003,-73.99308959999998
646,646,40.744037899999995,-73.98921690000002
647,647,40.7418585,-74.00004320000001
648,648,40.740942600000004,-73.9907772
649,649,40.7410042,-73.992897
650,650,40.7458198,-73.988434
653,653,40.7466224,-73.98197429999998
654,654,40.74921499999999,-73.9830259
655,655,40.74746390000001,-73.98656609999999
656,656,40.749453900000006,-73.9827447
657,657,40.7444881,-73.9855929
658,658,40.7500611,-73.9821584
659,659,40.7473489,-73.9842584
660,660,40.744268,-73.98400140000001
662,662,40.74519,-73.984151
663,663,40.7449259,-73.9837766
664,664,40.7467876,-73.984884
665,665,40.7500716,-73.9847181
666,666,40.747040000000005,-73.986859
667,667,40.745975099999995,-73.9829183
668,668,40.7449729,-73.98318119999998
669,669,40.747735,-73.98621
670,670,40.73774160000001,-73.98961469999998
673,673,40.7384555,-73.98850639999998
674,674,40.7379803,-73.98928409999998
676,676,40.73763050000001,-73.9910787
677,677,40.73777020000001,-73.9878767
679,679,40.734207,-73.99369899999998
680,680,40.734666,-73.98876709999998
681,681,40.73433099999999,-73.992137
682,682,40.734728999999994,-73.99189399999999
684,684,40.73762019999999,-73.9891641
686,686,40.7364067,-73.99218859999998
687,687,40.7364727,-73.9910395
689,689,40.7350748,-73.99314129999998
700,700,40.714958700000004,-74.0082747
703,703,40.709097,-74.004628
704,704,40.71327029999999,-74.0080433
705,705,40.711275,-74.006845
706,706,40.711195999999994,-74.00690200000003
707,707,40.71242999999999,-74.00835459999998
708,708,40.7145751,-74.0075586
709,709,40.7131807,-74.0088573
710,710,40.7793255,-73.9776132
711,711,40.7796366,-73.9777173
717,717,40.7774702,-73.9785151
718,718,40.77775509999999,-73.9789887
719,719,40.779715,-73.977508
720,720,40.778614000000005,-73.97819890000001
721,721,40.7785377,-73.97822590000001
722,722,40.77702490000001,-73.97845749999998
723,723,40.72254309999999,-73.98296839999998
724,724,40.7238208,-73.9788238
725,725,40.724986,-73.978376
726,726,40.72357449999999,-73.984883
727,727,40.721916,-73.981826
728,728,40.72512209999999,-73.97788899999998
730,730,40.724537700000006,-73.98146659999998
731,731,40.724047399999996,-73.980806
732,732,40.724256,-73.978962
733,733,40.725322399999996,-73.9842582
734,734,40.72102399999999,-73.983235
735,735,40.722955299999995,-73.9852071
736,736,40.7244201,-73.98284709999999
737,737,40.725462799999995,-73.98371429999999
738,738,40.7232166,-73.9827734
740,740,40.72202,-73.983203
741,741,40.7259603,-73.9837731
742,742,40.72479819999999,-73.9838372
750,750,40.7394747,-74.0012667
751,751,40.73850489999999,-74.0035382
752,752,40.7374703,-73.9996523
754,754,40.739194,-74.00175300000001
755,755,40.73766339999999,-74.00377409999999
756,756,40.737976,-74.004032
757,757,40.735770200000005,-74.0004556
759,759,40.73943800000001,-74.001199
760,760,40.7389331,-73.9999727
761,761,40.737047,-74.001566
762,762,40.737936,-74.0041663
763,763,40.7625672,-73.95956389999998
765,765,40.76213320000001,-73.9599242
767,767,40.7641033,-73.9614819
768,768,40.7612933,-73.9609656
774,774,40.767358200000004,-73.95978690000003
775,775,40.762200299999996,-73.9597605
776,776,40.76871500000001,-73.956259
777,777,40.768540400000006,-73.95509969999998
778,778,40.7652536,-73.9606187
779,779,40.767448,-73.9596012
780,780,40.7626261,-73.9602975
781,781,40.7662383,-73.9624815
782,782,40.761480999999996,-73.960838
783,783,40.68909929999999,-73.955244
784,784,40.69476389999999,-73.9530882
785,785,40.690740000000005,-73.958258
786,786,40.6908463,-73.9538898
787,787,40.689525,-73.955415
788,788,40.69492090000001,-73.95487539999998
789,789,40.72372170000001,-73.951628
790,790,40.72319199999999,-73.952991
791,791,40.7183851,-73.95043759999999
792,792,40.7223963,-73.9551176
793,793,40.7225949,-73.9554301
794,794,40.718099,-73.950193
795,795,40.7241788,-73.95118070000001
796,796,40.7185785,-73.94867540000001
798,798,40.725293900000004,-73.9515265
799,799,40.7240508,-73.95034140000001
800,800,40.723447799999995,-73.95077959999998
801,801,40.724484000000004,-73.949077
802,802,40.7234774,-73.95043629999998
803,803,40.718097,-73.95253699999998
804,804,40.7202376,-73.95549150000001
805,805,40.7257289,-73.9517192
806,806,40.7205747,-73.9549601
807,807,40.7230235,-73.9506868
808,808,40.72376779999999,-73.95121619999998
809,809,40.760533,-73.97739700000002
810,810,40.7576914,-73.9718188
812,812,40.7613821,-73.97460099999998
813,813,40.7596566,-73.9783161
814,814,40.7566054,-73.97200099999998
815,815,40.7592896,-73.9775348
816,816,40.75881400000001,-73.970443
817,817,40.76208989999999,-73.97641390000001
819,819,40.761081,-73.976753
820,820,40.7619958,-73.9732377
821,821,40.7600425,-73.97826009999999
822,822,40.7598899,-73.97320859999998
823,823,40.7611585,-73.970334
824,824,40.756969,-73.97582799999998
825,825,40.760342,-73.974326
826,826,40.759728499999994,-73.97294769999998
827,827,40.75917889999999,-73.97805009999998
828,828,40.759659000000006,-73.975597
829,829,40.739000000000004,-73.982709
830,830,40.738271000000005,-73.98325299999998
831,831,40.7377241,-73.98124490000001
832,832,40.73979569999999,-73.97980050000002
833,833,40.73515930000001,-73.98266439999998
834,834,40.735356,-73.973912
835,835,40.7379302,-73.9728061
836,836,40.738179200000005,-73.98336490000001
837,837,40.73859149999999,-73.98003890000001
838,838,40.73910639999999,-73.9812238
839,839,40.74003829999999,-73.98150079999998
840,840,40.7395596,-73.9823286
847,847,40.7334327,-74.0060814
849,849,40.7338474,-74.00514179999998
855,855,40.7358593,-74.007513
858,858,40.7351571,-74.0067333
862,862,40.7603605,-73.96510740000001
863,863,40.75896580000001,-73.96270390000001
866,866,40.761824299999994,-73.96570770000001
867,867,40.7643584,-73.96424499999998
868,868,40.7591914,-73.96261120000001
869,869,40.75826379999999,-73.96352329999998
871,871,40.760674200000004,-73.96232189999998
872,872,40.760171500000006,-73.9657113
873,873,40.760606,-73.961618
874,874,40.75945120000001,-73.9623056
875,875,40.760653000000005,-73.965822
876,876,40.76083200000001,-73.961479
877,877,40.76197619999999,-73.9658688
878,878,40.758886700000005,-73.9619189
879,879,40.7591723,-73.9620025
880,880,40.76106100000001,-73.96124449999998
882,882,40.759144,-73.995603
884,884,40.7590319,-73.9896442
886,886,40.759445,-73.98947299999998
887,887,40.75847099999999,-73.99007999999998
888,888,40.759445,-73.99136229999998
889,889,40.7606143,-73.9945556
891,891,40.761762899999994,-73.99423639999998
892,892,40.759132799999996,-73.9898984
895,895,40.7571936,-73.9932135
897,897,40.756515,-73.992446
899,899,40.76002889999999,-73.9917662
900,900,40.760071999999994,-73.9890377
906,906,40.80530340000001,-73.9624255
917,917,40.80034020000001,-73.9684485
919,919,40.80564779999999,-73.96526279999998
920,920,40.80284029999999,-73.96429359999998
921,921,40.710881,-73.9674
922,922,40.7106886,-73.9655691
923,923,40.7106671,-73.965696
924,924,40.7108836,-73.96466590000001
925,925,40.711067,-73.965125
926,926,40.710851,-73.96769979999998
927,927,40.711123,-73.966358
928,928,40.7109979,-73.96486
929,929,40.710099,-73.96348600000002
930,930,40.70993509999999,-73.96860389999998
931,931,40.67716799999999,-73.99816700000001
932,932,40.6773994,-73.99815290000001
933,933,40.6789528,-73.99773929999999
934,934,40.67747809999999,-73.9984648
935,935,40.6808589,-73.99681029999998
936,936,40.675108200000004,-73.99963799999998
937,937,40.678107000000004,-74.001173
938,938,40.675482099999996,-73.99938999999998
939,939,40.6812875,-74.00427959999998
940,940,40.681138,-74.00438299999998
941,941,40.6761496,-73.99915279999998
942,942,40.67592579999999,-74.0019843
943,943,40.6750343,-73.99917839999998
958,958,40.7605619,-73.9705693
960,960,40.760861,-73.96835109999998
961,961,40.763664,-73.96685699999998
968,968,40.710817999999996,-73.953722
970,970,40.71251279999999,-73.95665090000001
973,973,40.7088527,-73.95790099999998
975,975,40.71325729999999,-73.9577105
977,977,40.713555,-73.958551
978,978,40.7138573,-73.95179190000002
979,979,40.715044,-73.958815
981,981,40.7128972,-73.95764439999998
982,982,40.714262299999994,-73.961027
1023,1023,40.73441079999999,-73.99820009999998
1024,1024,40.684889,-73.962919
1025,1025,40.6834759,-73.96622430000001
1026,1026,40.68193309999999,-73.96682229999998
1027,1027,40.6812455,-73.9573944
1028,1028,40.6824932,-73.9629661
1029,1029,40.68249900000001,-73.961445
1030,1030,40.68148729999999,-73.9650745
1031,1031,40.6812209,-73.9573954
1032,1032,40.67984320000001,-73.9638861
1033,1033,40.6828974,-73.9651636
1034,1034,40.6801953,-73.96472469999998
1035,1035,40.68308479999999,-73.9656459
1036,1036,40.6814796,-73.9556293
1037,1037,40.679182,-73.964517
1038,1038,40.680225,-73.961159
1039,1039,40.683832,-73.95637020000001
1040,1040,40.68158629999999,-73.9560218
1041,1041,40.678534,-73.958435
1042,1042,40.6823921,-73.9614385
1043,1043,40.6825889,-73.96127340000001
1049,1049,40.7269432,-73.9861043
1053,1053,40.724931,-73.98765300000001
1054,1054,40.7274238,-73.9863031
1056,1056,40.72627200000001,-73.986521
1064,1064,40.6677603,-73.9838642
1065,1065,40.6653374,-73.98268279999998
1066,1066,40.6663896,-73.9855005
1067,1067,40.6688658,-73.9850575
1068,1068,40.67255710000001,-73.98323020000001
1069,1069,40.6706291,-73.9820343
1070,1070,40.6669057,-73.9846692
1071,1071,40.667828,-73.9872368
1072,1072,40.66719179999999,-73.9876922
1073,1073,40.6702492,-73.97909419999998
1074,1074,40.6676881,-73.981183
1075,1075,40.67130799999999,-73.984888
1076,1076,40.66768080000001,-73.9873522
1077,1077,40.66951519999999,-73.986316
1078,1078,40.66520420000001,-73.98656120000001
1079,1079,40.669578,-73.986611
1080,1080,40.6656364,-73.98223859999999
1081,1081,40.671290899999995,-73.9842132
1082,1082,40.6666945,-73.9878436
1083,1083,40.66908660000001,-73.9856679
1096,1096,40.707572,-74.00242779999998
1097,1097,40.70451699999999,-74.003123
1098,1098,40.70805670000001,-74.0020756
1099,1099,40.70831159999999,-74.0056752
1100,1100,40.707882500000004,-74.0071043
1101,1101,40.7076153,-74.00174940000001
1102,1102,40.7069186,-74.00370240000001
1103,1103,40.70527149999999,-74.0009869
1104,1104,40.69202920000001,-73.99140249999998
1105,1105,40.693621,-73.985393
1107,1107,40.6892788,-73.9916157
1109,1109,40.6942738,-73.992694
1110,1110,40.69470460000001,-73.99329139999998
1112,1112,40.6947583,-73.99378670000002
1114,1114,40.69450000000001,-73.99409899999998
1116,1116,40.691961,-73.986458
1117,1117,40.690521600000004,-73.9875483
1118,1118,40.69166,-73.986036
1119,1119,40.689395700000006,-73.98608390000003
1128,1128,40.7185361,-74.00490740000001
1134,1134,40.718543800000006,-74.00476549999998
1136,1136,40.7189104,-74.0063601
1140,1140,40.779083,-73.96443409999998
1141,1141,40.775290000000005,-73.9633083
1142,1142,40.776149200000006,-73.95617399999998
1143,1143,40.7762729,-73.962389
1144,1144,40.7754162,-73.96299520000001
1145,1145,40.7763107,-73.95650669999998
1146,1146,40.7744937,-73.9640958
1147,1147,40.778633,-73.956412
1148,1148,40.77916999999999,-73.96050199999998
1149,1149,40.774297,-73.96299300000001
1150,1150,40.780570000000004,-73.958651
1151,1151,40.779508,-73.960077
1153,1153,40.77660529999999,-73.95538690000001
1154,1154,40.777136999999996,-73.957094
1155,1155,40.7776092,-73.96167750000001
1156,1156,40.7756958,-73.9569248
1157,1157,40.7744189,-73.9638997
1158,1158,40.780536,-73.958782
1159,1159,40.781264,-73.9603267
1160,1160,40.7228421,-74.0048693
1161,1161,40.722027000000004,-74.004407
1163,1163,40.719629,-74.003939
1165,1165,40.71918460000001,-74.00331609999998
1166,1166,40.723,-74.003049
1167,1167,40.7220623,-73.99753199999998
1171,1171,40.72216249999999,-74.00348919999998
1172,1172,40.721977200000005,-74.00496700000001
1174,1174,40.72222439999999,-74.00361939999998
1175,1175,40.72318360000001,-74.00292900000001
1176,1176,40.71991739999999,-74.0073046
1177,1177,40.724842100000004,-73.99864939999998
1178,1178,40.7198169,-73.99908789999998
1179,1179,40.72037479999999,-73.99711769999998
1180,1180,40.729935499999996,-73.9546495
1181,1181,40.7297855,-73.9574588
1182,1182,40.729628000000005,-73.957911
1183,1183,40.729996899999996,-73.9551152
1184,1184,40.729522499999995,-73.95775259999998
1185,1185,40.73009520000001,-73.95660090000001
1186,1186,40.731476,-73.95773100000001
1187,1187,40.729361,-73.9573735
1188,1188,40.73333,-73.9580393
1189,1189,40.731656,-73.95810139999998
1190,1190,40.73348969999999,-73.9549652
1191,1191,40.73037240000001,-73.95339190000001
1192,1192,40.731043,-73.95416689999998
1193,1193,40.72675350000001,-73.95747370000001
1194,1194,40.7292617,-73.95371340000001
1195,1195,40.73412799999999,-73.951962
1196,1196,40.7288735,-73.95720709999998
1197,1197,40.7303709,-73.9577961
1198,1198,40.7302229,-73.95791209999999
1199,1199,40.73319670000001,-73.95500329999999
1216,1216,40.7320093,-73.98540240000001
1220,1220,40.7682395,-73.98491469999998
1224,1224,40.7682097,-73.9848706
1226,1226,40.76499129999999,-73.98826209999999
1227,1227,40.7661805,-73.99098470000001
1228,1228,40.765985,-73.98685499999998
1230,1230,40.767559000000006,-73.98311799999998
1231,1231,40.765859000000006,-73.98741700000001
1232,1232,40.766038200000004,-73.99182739999998
1234,1234,40.7659679,-73.98393159999998
1235,1235,40.7652817,-73.9878658
1236,1236,40.769381,-73.98870500000001
1237,1237,40.7708506,-73.9917321
1238,1238,40.76713470000001,-73.98665299999998
1247,1247,40.725178299999996,-73.99253909999999
1254,1254,40.7257471,-73.99179659999999
1258,1258,40.7248211,-73.99137230000002
1272,1272,40.74435500000001,-73.987732
1291,1291,40.7235255,-73.9963733
1296,1296,40.72302699999999,-73.9956459
1298,1298,40.725475,-73.99258999999998
1299,1299,40.721883,-73.99221
1300,1300,40.742296200000006,-73.983777
1301,1301,40.7422779,-73.98374969999998
1302,1302,40.7454124,-73.97900320000002
1305,1305,40.743930999999996,-73.98127149999998
1308,1308,40.7420445,-73.98536800000001
1309,1309,40.7421568,-73.98454269999998
1310,1310,40.743685,-73.98145799999999
1312,1312,40.74056580000001,-73.984726
1315,1315,40.74490199999999,-73.983696
1316,1316,40.74241980000001,-73.98032940000002
1317,1317,40.7445325,-73.9808436
1318,1318,40.7417309,-73.9824703
1319,1319,40.74240899999999,-73.98290999999998
1320,1320,40.76457599999999,-73.99595
1325,1325,40.7662271,-73.99417240000001
1330,1330,40.76401389999999,-73.9976374
1333,1333,40.7645778,-73.99593469999998
1335,1335,40.7626131,-73.99299930000001
1336,1336,40.76066460000001,-73.9949359
1338,1338,40.763306299999996,-73.9892928
1339,1339,40.760589,-73.9895335
1345,1345,40.7123287,-73.9643866
1355,1355,40.7088525,-73.9579098
1358,1358,40.712244,-73.966171
1359,1359,40.7121963,-73.957301
1365,1365,40.7594193,-73.9847547
1375,1375,40.76099489999999,-73.98548149999999
1378,1378,40.7605335,-73.98612879999999
1385,1385,40.7198044,-74.0083762
1386,1386,40.722396,-74.0098096
1390,1390,40.72371699999999,-74.00450099999998
1391,1391,40.7224678,-74.0048128
1392,1392,40.7237676,-74.00965090000001
1394,1394,40.72085679999999,-74.00977309999998
1396,1396,40.72371709999999,-74.0097423
1397,1397,40.7236469,-74.00435240000002
1398,1398,40.7258386,-74.00941929999998
1399,1399,40.7270675,-74.00611769999998
1415,1415,40.7307334,-74.00093129999998
1427,1427,40.716478,-73.999749
1434,1434,40.7196439,-74.00538370000001
1437,1437,40.719801800000006,-73.9972185
1438,1438,40.718889000000004,-73.997776
1439,1439,40.720721000000005,-74.0054885
1454,1454,40.722516,-73.98574099999998
1460,1460,40.6792487,-73.967978
1461,1461,40.67989,-73.96783149999999
1462,1462,40.6795994,-73.9684431
1463,1463,40.6767941,-73.96339809999998
1464,1464,40.673596999999994,-73.9674625
1466,1466,40.6802567,-73.96761479999998
1468,1468,40.675442600000004,-73.9634657
1469,1469,40.680064,-73.968182
1470,1470,40.67744800000001,-73.963887
1471,1471,40.677367499999995,-73.963464
1474,1474,40.6797431,-73.967828
1475,1475,40.680020299999995,-73.96827619999998
1477,1477,40.67697460000001,-73.963403
1478,1478,40.6752355,-73.9668816
1481,1481,40.7752266,-73.9478808
1482,1482,40.7744937,-73.9484063
1483,1483,40.777998100000005,-73.9483241
1484,1484,40.77789900000001,-73.94825
1485,1485,40.773967,-73.947165
1486,1486,40.777918,-73.948987
1488,1488,40.779384,-73.98386599999998
1489,1489,40.77937000000001,-73.98365299999998
1490,1490,40.775726899999995,-73.98958329999998
1492,1492,40.772181599999996,-73.95561289999998
1493,1493,40.7755334,-73.9532487
1495,1495,40.777126,-73.9534479
1497,1497,40.7763934,-73.9525693
1498,1498,40.772246700000004,-73.9550168
1500,1500,40.77335799999999,-73.9557406
1502,1502,40.774719299999994,-73.9546398
1503,1503,40.77228890000001,-73.9555364
1505,1505,40.774421000000004,-73.95398899999998
1507,1507,40.772298799999994,-73.9561301
1508,1508,40.775558200000006,-73.9539506
1510,1510,40.776303799999994,-73.95317720000001
1529,1529,40.72844370000001,-73.99952019999998
1535,1535,40.7453408,-73.9777818
1536,1536,40.74615,-73.97749
1539,1539,40.74592259999999,-73.9775738
1540,1540,40.742225,-73.98098900000001
1541,1541,40.744463200000006,-73.9812788
1542,1542,40.7403386,-73.9724015
1543,1543,40.742069799999996,-73.97758999999998
1544,1544,40.740963799999996,-73.98179809999999
1546,1546,40.74160699999999,-73.978399
1547,1547,40.7445058,-73.97469389999998
1548,1548,40.74355739999999,-73.9794886
1549,1549,40.745132,-73.97598099999998
1550,1550,40.743754100000004,-73.9826751
1551,1551,40.745273700000006,-73.9794606
1563,1563,40.73319309999999,-73.9597017
1568,1568,40.733509000000005,-73.95844249999998
1569,1569,40.72891689999999,-73.95919079999999
1576,1576,40.720428999999996,-73.9868984
1577,1577,40.722167600000006,-73.9867459
1585,1585,40.721282,-73.988371
1588,1588,40.7202075,-73.9876239
1589,1589,40.719707,-73.987415
1592,1592,40.697376500000004,-73.93473949999998
1593,1593,40.697664,-73.93606
1594,1594,40.697821600000005,-73.9371318
1595,1595,40.698218,-73.93424920000001
1596,1596,40.6976879,-73.9368068
1597,1597,40.69785840000001,-73.9372178
1598,1598,40.6961069,-73.9332907
1599,1599,40.69551630000001,-73.9320298
1600,1600,40.761484,-74.00096690000001
1601,1601,40.76167450000001,-74.00220519999998
1602,1602,40.76202320000001,-74.00252490000001
1603,1603,40.7627499,-74.0015258
1604,1604,40.760953,-73.997975
1605,1605,40.75785030000001,-73.99965569999998
1606,1606,40.70412899999999,-74.010336
1607,1607,40.70451999999999,-74.0102668
1609,1609,40.7049016,-74.01037699999998
1612,1612,40.704676299999996,-74.0097371
1613,1613,40.70603750000001,-74.0117772
1614,1614,40.7061417,-74.0110439
1616,1616,40.704361999999996,-74.010046
1617,1617,40.704215000000005,-74.01019699999998
1620,1620,40.7041783,-74.01021519999998
1622,1622,40.70652279999999,-74.01296040000001
1624,1624,40.7043419,-74.01036189999998
1626,1626,40.75469440000001,-73.97344840000001
1627,1627,40.75551779999999,-73.9704168
1629,1629,40.75587279999999,-73.97038470000001
1632,1632,40.7555064,-73.968333
1633,1633,40.755592799999995,-73.9685883
1634,1634,40.755365999999995,-73.96835999999998
1635,1635,40.7589726,-73.9681925
1638,1638,40.756372,-73.97145600000002
1639,1639,40.75634699999999,-73.96764800000003
1642,1642,40.75447029999999,-73.97598529999998
1643,1643,40.759345,-73.97094899999998
1644,1644,40.7558345,-73.96760100000002
1645,1645,40.7557696,-73.97017240000001
1656,1656,40.7808164,-73.9493786
1658,1658,40.780289,-73.95019099999998
1660,1660,40.779739,-73.94693520000001
1661,1661,40.7800179,-73.9499632
1663,1663,40.78073079999999,-73.9493253
1671,1671,40.7192718,-73.9848038
1682,1682,40.721202399999996,-73.9883188
1684,1684,40.68312069999999,-73.99265849999998
1685,1685,40.684583,-73.992137
1686,1686,40.6844771,-73.9921291
1687,1687,40.6808863,-73.99151909999998
1688,1688,40.684207,-73.99193000000001
1689,1689,40.6870183,-73.9909988
1690,1690,40.685677,-73.990961
1691,1691,40.6844234,-73.9921569
1692,1692,40.682223,-73.99579299999998
1693,1693,40.6804461,-73.99449059999998
1694,1694,40.6825008,-73.99313790000001
1695,1695,40.685764,-73.994475
1696,1696,40.682390100000006,-73.9935552
1697,1697,40.6825835,-73.9931502
1698,1698,40.68407959999999,-73.99241059999999
1699,1699,40.681416999999996,-73.99389000000001
1700,1700,40.68562,-73.994586
1701,1701,40.682638,-73.993453
1703,1703,40.68266800000001,-73.9933502
1704,1704,40.7992366,-73.94366529999998
1705,1705,40.797527,-73.94825399999998
1706,1706,40.79254600000001,-73.94577659999999
1707,1707,40.7929961,-73.9517493
1708,1708,40.79894799999999,-73.94316900000003
1715,1715,40.7328351,-73.98570090000001
1721,1721,40.732087400000005,-73.98535720000001
1723,1723,40.734596,-73.985551
1724,1724,40.7329854,-73.985709
1727,1727,40.732664,-73.985299
1728,1728,40.72997489999999,-73.9809263
1730,1730,40.790242600000006,-73.94309100000001
1733,1733,40.7914773,-73.9400423
1734,1734,40.7942353,-73.9400469
1735,1735,40.7943982,-73.9399881
1746,1746,40.73464609999999,-73.98876990000002
1753,1753,40.736868,-73.99073800000001
1755,1755,40.73495779999999,-73.9885901
1756,1756,40.736154299999995,-73.98772240000001
1759,1759,40.7032966,-74.0110309
1766,1766,40.7033808,-74.01135219999998
1772,1772,40.7039279,-74.012469
1773,1773,40.704475,-74.010434
1787,1787,40.74543800000001,-73.97572559999998
1788,1788,40.74315900000001,-73.977576
1789,1789,40.7415047,-73.98094569999998
1790,1790,40.7420396,-73.97808990000001
1791,1791,40.743705600000006,-73.97987109999998
1792,1792,40.745196,-73.97614200000002
1793,1793,40.74051000000001,-73.972309
1794,1794,40.741890000000005,-73.97762399999998
1795,1795,40.74347589999999,-73.97708979999999
1796,1796,40.7433388,-73.9775703
1804,1804,40.714166999999996,-74.016111
1805,1805,40.713403899999996,-74.01587260000002
1806,1806,40.712423,-74.017512
1807,1807,40.7123761,-74.01574769999998
1809,1809,40.6760744,-73.98008229999998
1810,1810,40.682097,-73.98013540000001
1811,1811,40.677984499999994,-73.9821911
1812,1812,40.6768115,-73.980462
1813,1813,40.6761867,-73.9834314
1814,1814,40.681327100000004,-73.9772689
1815,1815,40.681387,-73.97953199999998
1816,1816,40.677907,-73.9858806
1817,1817,40.68130799999999,-73.9773637
1818,1818,40.674911400000006,-73.9812238
1819,1819,40.68224800000001,-73.980002
1820,1820,40.6768844,-73.98037699999998
1821,1821,40.68195610000001,-73.9769819
1822,1822,40.6813638,-73.97696009999999
1823,1823,40.68212520000001,-73.97945390000001
1824,1824,40.680750599999996,-73.97774220000001
1825,1825,40.6796904,-73.98215350000001
1826,1826,40.67820269999999,-73.98359090000001
1837,1837,40.71797129999999,-73.9852887
1845,1845,40.71876260000001,-73.9870042
1849,1849,40.693869,-73.960652
1852,1852,40.6942049,-73.9610491
1854,1854,40.6941029,-73.9617602
1855,1855,40.690695,-73.959085
1864,1864,40.71808499999999,-73.99811590000002
1865,1865,40.718911,-74.00457109999998
1869,1869,40.7177931,-74.00541750000001
1872,1872,40.71917289999999,-74.003241
1875,1875,40.714521999999995,-74.0035391
1877,1877,40.7189227,-74.0099594
1878,1878,40.719112,-74.0090815
1882,1882,40.71931179999999,-74.01011329999999
1885,1885,40.7191179,-74.01006149999998
1889,1889,40.719103000000004,-74.01002299999998
1891,1891,40.71855420000001,-74.00900250000002
1893,1893,40.719221000000005,-74.00954899999998
1895,1895,40.717551,-74.010297
1896,1896,40.7014409,-74.0151395
1913,1913,40.70634329999999,-74.0138025
1915,1915,40.70345390000001,-74.01098640000001
1922,1922,40.756739,-73.997896
1923,1923,40.759147600000006,-73.99532590000001
1924,1924,40.7631984,-73.9963363
1925,1925,40.758640500000006,-73.99349840000001
1926,1926,40.76032959999999,-73.994745
1927,1927,40.763015,-73.99709
1928,1928,40.7623377,-73.99675789999998
1929,1929,40.759567,-73.99595599999998
1930,1930,40.762138799999995,-73.996954
1931,1931,40.759311,-73.995661
1934,1934,40.7592507,-73.9949065
1944,1944,40.7170107,-73.9951885
1945,1945,40.719508399999995,-73.993516
1946,1946,40.7138376,-73.9897598
1947,1947,40.71453109999999,-73.9915638
1949,1949,40.71507980000001,-73.99166129999998
1950,1950,40.71831819999999,-73.99052329999998
1951,1951,40.7177239,-73.99059559999998
1953,1953,40.71971289999999,-73.99336170000001
1955,1955,40.717998,-73.990472
1956,1956,40.81132100000001,-73.95348899999998
1957,1957,40.811643200000006,-73.95032139999998
1958,1958,40.8098494,-73.95174940000003
1959,1959,40.81007299999999,-73.95048299999998
1960,1960,40.809130200000006,-73.951458
1961,1961,40.791928999999996,-73.972145
1962,1962,40.788846,-73.9744016
1965,1965,40.790504999999996,-73.9751605
1966,1966,40.791824,-73.97175299999998
1967,1967,40.790617,-73.97250600000001
1968,1968,40.78751389999999,-73.9711298
1969,1969,40.7892987,-73.96977580000002
1970,1970,40.788695600000004,-73.9744872
1973,1973,40.7866273,-73.97553590000001
1974,1974,40.7866657,-73.9753877
1975,1975,40.7911143,-73.9747021
1995,1995,40.7355624,-73.98874980000002
2004,2004,40.69102619999999,-73.98291800000001
2007,2007,40.695024,-73.9835069
2012,2012,40.674144500000004,-73.9632793
2013,2013,40.672290000000004,-73.95780699999999
2015,2015,40.6726758,-73.9623775
2017,2017,40.6728692,-73.9625476
2019,2019,40.674778399999994,-73.9633576
2020,2020,40.6738619,-73.9628116
2021,2021,40.6717277,-73.95787990000001
2023,2023,40.6719225,-73.9578088
2024,2024,40.673101,-73.95735140000001
2025,2025,40.67440999999999,-73.9633123
2026,2026,40.6736999,-73.9607307
2027,2027,40.67522409999999,-73.96015539999998
2029,2029,40.67690030000001,-73.963768
2030,2030,40.67351,-73.991632
2031,2031,40.66847449999999,-73.99318710000001
2032,2032,40.671198,-73.990932
2033,2033,40.6732683,-73.98977190000001
2034,2034,40.6706624,-73.99150689999998
2035,2035,40.6731843,-73.9904992
2036,2036,40.67504520000001,-73.9887433
2037,2037,40.6733296,-73.9890848
2050,2050,40.6857896,-73.9908875
2053,2053,40.68590220000001,-73.99112790000001
2054,2054,40.68562550000001,-73.990996
2057,2057,40.6887208,-73.9930038
2058,2058,40.712832399999996,-73.96635359999999
2068,2068,40.71241070000001,-73.9664545
2079,2079,40.6867621,-73.95477319999998
2080,2080,40.687531,-73.95716399999998
2081,2081,40.68661600000001,-73.95481099999998
2084,2084,40.683721000000006,-73.953808
2085,2085,40.6882003,-73.9546798
2086,2086,40.68152679999999,-73.95331999999998
2088,2088,40.6883635,-73.9569542
2089,2089,40.688611,-73.951059
2090,2090,40.682730299999996,-73.9502411
2091,2091,40.6818511,-73.95091839999998
2092,2092,40.687303299999996,-73.95708540000001
2093,2093,40.684227,-73.95015099999998
2094,2094,40.6872281,-73.9571333
2095,2095,40.6883159,-73.95687609999999
2116,2116,40.7568916,-73.99177139999998
2140,2140,40.6857666,-73.9735352
2142,2142,40.686427200000004,-73.97418509999999
2143,2143,40.68641149999999,-73.96656589999998
2144,2144,40.6861717,-73.9737772
2145,2145,40.686341799999994,-73.9736123
2148,2148,40.6837955,-73.967321
2151,2151,40.6873087,-73.9724778
2153,2153,40.685713099999994,-73.9740698
2154,2154,40.6834954,-73.96637129999998
2155,2155,40.6832169,-73.97342590000001
2156,2156,40.6811135,-73.96741949999998
2170,2170,40.724320199999994,-73.9514003
2171,2171,40.72492200000001,-73.95115950000002
2172,2172,40.7235412,-73.95187840000001
2173,2173,40.7248848,-73.948086
2174,2174,40.7209844,-73.9463877
2175,2175,40.725712200000004,-73.94514029999998
2176,2176,40.7213819,-73.94582690000001
2178,2178,40.7749003,-73.9510928
2181,2181,40.77463700000001,-73.950636
2182,2182,40.774799,-73.95116999999998
2183,2183,40.7748638,-73.9511694
2184,2184,40.7714075,-73.95210250000001
2205,2205,40.7657176,-73.91476589999998
2206,2206,40.761501,-73.90935
2207,2207,40.765314000000004,-73.91408799999998
2208,2208,40.765370700000005,-73.91396820000001
2209,2209,40.7633115,-73.91343459999999
2210,2210,40.76345010000001,-73.90901869999998
2211,2211,40.7607983,-73.9088761
2212,2212,40.764686,-73.9163646
2213,2213,40.76617999999999,-73.912814
2214,2214,40.7618619,-73.910979
2215,2215,40.762136299999995,-73.9115245
2216,2216,40.7648992,-73.91448539999998
2217,2217,40.7669532,-73.9127845
2218,2218,40.76390600000001,-73.9154066
2219,2219,40.76298299999999,-73.915337
2220,2220,40.76554730000001,-73.91326540000001
2221,2221,40.7658249,-73.9130935
2222,2222,40.763372600000004,-73.91099770000001
2223,2223,40.764695200000006,-73.9139142
2224,2224,40.7658792,-73.9131891
2225,2225,40.6855719,-74.0021905
2226,2226,40.684963999999994,-74.00295200000001
2227,2227,40.683418599999996,-73.99991709999998
2229,2229,40.6853008,-74.00043690000001
2230,2230,40.685326,-74.00282399999998
2231,2231,40.68444849999999,-73.99945249999998
2233,2233,40.68557070000001,-74.00215920000001
2237,2237,40.7078561,-73.95573
2248,2248,40.71301400000001,-73.957832
2249,2249,40.7104485,-73.9585074
2250,2250,40.71259379999999,-73.95582370000001
2252,2252,40.7117762,-73.9572828
2260,2260,40.7643119,-73.9785888
2264,2264,40.763720899999996,-73.9788277
2265,2265,40.7623548,-73.97701590000001
2266,2266,40.7629501,-73.97748759999999
2270,2270,40.7662776,-73.97802800000001
2271,2271,40.7649476,-73.9794337
2272,2272,40.76357489999999,-73.97817370000001
2277,2277,40.6743561,-73.98219089999998
2281,2281,40.6734385,-73.9824189
2284,2284,40.673772,-73.983069
2285,2285,40.672897,-73.976928
2289,2289,40.674756,-73.98141899999999
2291,2291,40.67441799999999,-73.981649
2292,2292,40.6742589,-73.98225140000002
2298,2298,40.767416,-73.995936
2306,2306,40.763645600000004,-73.99233559999998
2308,2308,40.76133299999999,-73.99182900000001
2312,2312,40.76323299999999,-73.99333899999998
2316,2316,40.7278805,-73.9421376
2319,2319,40.72544500000001,-73.9446475
2320,2320,40.725483000000004,-73.94614299999998
2321,2321,40.72533790000001,-73.9465232
2322,2322,40.72654579999999,-73.9480706
2323,2323,40.721548,-73.94250229999999
2324,2324,40.74945939999999,-73.9778147
2325,2325,40.7499071,-73.97188390000001
2326,2326,40.750434999999996,-73.976232
2327,2327,40.7511656,-73.97488369999998
2328,2328,40.74939620000001,-73.9765859
2329,2329,40.74969300000001,-73.9754933
2330,2330,40.7483732,-73.9780871
2332,2332,40.749506,-73.97509889999998
2333,2333,40.75146520000001,-73.97069499999998
2334,2334,40.749698200000005,-73.97554509999998
2335,2335,40.749968700000004,-73.97681229999998
2336,2336,40.74808269999999,-73.976798
2338,2338,40.751272799999995,-73.97315669999998
2340,2340,40.750142100000005,-73.9782738
2341,2341,40.749337,-73.977406
2342,2342,40.748315399999996,-73.9759079
2343,2343,40.75169879999999,-73.9722754
2354,2354,40.734438,-74.00115100000001
2356,2356,40.7335263,-73.9990493
2357,2357,40.733782399999996,-74.0022283
2359,2359,40.732722100000004,-73.9979098
2361,2361,40.732628999999996,-73.99766799999998
2362,2362,40.73352899999999,-73.9970043
2384,2384,40.69347609999999,-73.9670929
2385,2385,40.6961033,-73.96816559999998
2386,2386,40.689590100000004,-73.9693918
2387,2387,40.689587200000005,-73.9695246
2388,2388,40.693282,-73.9690322
2389,2389,40.6893624,-73.9705073
2390,2390,40.689288399999995,-73.96932029999998
2391,2391,40.6892866,-73.96923079999998
2392,2392,40.689690399999996,-73.97067129999998
2393,2393,40.689854,-73.971357
2394,2394,40.68932849999999,-73.969481
2395,2395,40.6893732,-73.9695322
2396,2396,40.693263400000006,-73.96917420000001
2397,2397,40.6930194,-73.9713421
2398,2398,40.69304109999999,-73.9719811
2399,2399,40.6893486,-73.97061529999998
2400,2400,40.68982289999999,-73.9722869
2401,2401,40.68960690000001,-73.969751
2402,2402,40.696703899999996,-73.967874
2403,2403,40.738842,-73.983778
2412,2412,40.737087,-73.984551
2417,2417,40.74184589999999,-73.9814189
2421,2421,40.740054,-73.98246979999998
2422,2422,40.741651,-73.98153599999998
2445,2445,40.6995841,-73.94439770000001
2458,2458,40.721351399999996,-73.99435849999998
2464,2464,40.71990359999999,-73.9972937
2477,2477,40.68941600000001,-73.97322299999998
2536,2536,40.772775200000005,-73.915778
2537,2537,40.772817700000004,-73.91640340000001
2538,2538,40.774449800000006,-73.9123338
2539,2539,40.77462850000001,-73.918449
2540,2540,40.7755424,-73.91181519999998
2541,2541,40.7747455,-73.9131699
2542,2542,40.776039600000004,-73.91500079999999
2543,2543,40.7751767,-73.91145039999998
2544,2544,40.770394200000005,-73.91857519999998
2545,2545,40.7702041,-73.91213239999998
2546,2546,40.7746737,-73.9136003
2547,2547,40.77554019999999,-73.9149292
2548,2548,40.7755191,-73.9147452
2549,2549,40.7702058,-73.91459870000001
2550,2550,40.776337299999994,-73.9159047
2551,2551,40.773197700000004,-73.91143829999999
2552,2552,40.77482379999999,-73.91200239999998
2553,2553,40.7697607,-73.9178598
2554,2554,40.774776700000004,-73.91275159999998
2555,2555,40.7762541,-73.9151258
2556,2556,40.754387,-73.9356362
2557,2557,40.7536794,-73.93449199999998
2558,2558,40.7546807,-73.9357332
2559,2559,40.754940000000005,-73.93688900000001
2560,2560,40.75156,-73.939369
2561,2561,40.7545901,-73.9338897
2562,2562,40.750006,-73.9397089
2563,2563,40.754343,-73.93569889999998
2564,2564,40.753056,-73.933011
2565,2565,40.75165,-73.939858
2574,2574,40.75291409999999,-73.9277615
2585,2585,40.740080999999996,-73.98875090000001
2590,2590,40.73936399999999,-73.98902199999998
2594,2594,40.73863679999999,-73.98573470000001
2597,2597,40.77037569999999,-73.9537734
2599,2599,40.770399,-73.953541
2601,2601,40.7709033,-73.95406690000002
2609,2609,40.7708968,-73.9540829
2610,2610,40.76954870000001,-73.95440570000001
2611,2611,40.76981199999999,-73.95420390000001
2619,2619,40.752517499999996,-73.96769029999999
2620,2620,40.75451109999999,-73.9685406
2622,2622,40.75708150000001,-73.9666182
2623,2623,40.75504829999999,-73.9691828
2624,2624,40.756907500000004,-73.9672698
2625,2625,40.757006,-73.96808399999998
2626,2626,40.7550102,-73.97048579999998
2627,2627,40.754518,-73.966021
2628,2628,40.753184999999995,-73.9693632
2629,2629,40.75239680000001,-73.97010420000001
2630,2630,40.754364,-73.968535
2631,2631,40.7570686,-73.9684187
2652,2652,40.69025999999999,-73.995385
2653,2653,40.69027919999999,-73.99621929999998
2654,2654,40.6908241,-73.99570940000001
2655,2655,40.695285600000005,-73.99548530000001
2656,2656,40.6907792,-73.9958003
2658,2658,40.690753,-73.995638
2663,2663,40.6906278,-73.99640579999998
2665,2665,40.69137219999999,-73.99790039999998
2666,2666,40.690794,-73.99561430000001
2668,2668,40.690643200000004,-73.9949972
2688,2688,40.7268043,-73.9912995
2724,2724,40.671704999999996,-73.986791
2725,2725,40.67031289999999,-73.98563309999999
2728,2728,40.67125219999999,-73.98483569999998
2729,2729,40.7421796,-73.95606009999999
2730,2730,40.74262499999999,-73.95433340000001
2731,2731,40.745833000000005,-73.95290250000001
2732,2732,40.7435756,-73.9536774
2733,2733,40.745448100000004,-73.9501595
2734,2734,40.7446006,-73.9533343
2735,2735,40.7456742,-73.9568244
2736,2736,40.745232400000006,-73.95347609999999
2737,2737,40.7419739,-73.9546495
2738,2738,40.742616,-73.954346
2739,2739,40.742462100000004,-73.9532278
2740,2740,40.7402349,-73.9527002
2741,2741,40.7449624,-73.9536191
2742,2742,40.743985200000004,-73.95025210000001
2743,2743,40.7426635,-73.95432989999998
2744,2744,40.7427613,-73.95349569999998
2745,2745,40.74300150000001,-73.95423620000001
2746,2746,40.7424876,-73.9528303
2747,2747,40.7453966,-73.95344809999999
2748,2748,40.743453,-73.959192
2749,2749,40.68476709999999,-73.97759649999998
2753,2753,40.68731409999999,-73.97546129999998
2756,2756,40.6870471,-73.97472640000001
2761,2761,40.686647,-73.974837
2766,2766,40.687180299999994,-73.9763871
2767,2767,40.6826571,-73.97528220000001
2783,2783,40.67110419999999,-73.9844955
2784,2784,40.676364,-73.98674900000002
2786,2786,40.79868119999999,-73.9424263
2787,2787,40.7990179,-73.94315970000001
2793,2793,40.799160799999996,-73.9425277
2794,2794,40.7911686,-73.9440807
2801,2801,40.73595840000001,-73.98708210000002
2807,2807,40.738553100000004,-73.985895
2809,2809,40.736122200000004,-73.9874298
2811,2811,40.7358537,-73.9870526
2812,2812,40.7366606,-73.98449140000001
2814,2814,40.737306200000006,-73.9873994
2825,2825,40.7147533,-73.99078089999998
2826,2826,40.713658200000005,-73.98874079999999
2830,2830,40.716172799999995,-73.98957309999999
2831,2831,40.717392,-73.995134
2832,2832,40.714970799999996,-73.991567
2833,2833,40.7153418,-73.99011390000001
2834,2834,40.715380700000004,-73.99007409999999
2849,2849,40.74988229999999,-73.98564420000001
2864,2864,40.7426012,-74.00074169999998
2866,2866,40.742568199999994,-73.99699220000001
2867,2867,40.741935,-73.9974344
2868,2868,40.742509000000005,-73.99709659999998
2869,2869,40.741844,-73.997613
2870,2870,40.742924200000004,-74.00363490000001
2873,2873,40.7406473,-73.9963872
2874,2874,40.74616319999999,-74.0009194
2895,2895,40.7870761,-73.97792609999998
2896,2896,40.78585899999999,-73.97605000000001
2897,2897,40.788456,-73.977304
2903,2903,40.78496080000001,-73.97732090000001
2904,2904,40.784754,-73.977537
2905,2905,40.785560100000005,-73.97631129999998
2906,2906,40.792474,-73.973683
2909,2909,40.784467,-73.97713499999998
2912,2912,40.78475,-73.977531
2939,2939,40.7721869,-73.9777215
2951,2951,40.776669,-73.9788803
2953,2953,40.7764559,-73.9792523
2977,2977,40.71496759999999,-73.9515128
2991,2991,40.71429889999999,-73.951408
3010,3010,40.7142529,-73.96546239999998
3011,3011,40.715863,-73.96216799999998
3013,3013,40.710582099999996,-73.96355770000001
3014,3014,40.709955599999994,-73.9627167
3017,3017,40.776326,-73.95045180000002
3055,3055,40.68255569999999,-73.9292707
3056,3056,40.683905200000005,-73.929418
3060,3060,40.79292100000001,-73.971439
3061,3061,40.79360430000001,-73.9710681
3062,3062,40.793933700000004,-73.97067849999998
3063,3063,40.796989,-73.969707
3064,3064,40.79363699999999,-73.97215
3066,3066,40.793391,-73.97125299999998
3067,3067,40.79396299999999,-73.972815
3068,3068,40.7963676,-73.97098309999998
3070,3070,40.79296519999999,-73.97218699999998
3071,3071,40.795302,-73.97099720000001
3073,3073,40.79058069999999,-73.94770890000001
3077,3077,40.70913729999999,-73.9372767
3080,3080,40.70820399999999,-73.940074
3081,3081,40.7086093,-73.9375422
3082,3082,40.7073282,-73.9395017
3083,3083,40.70722199999999,-73.93952320000001
3084,3084,40.706336,-73.94320479999999
3085,3085,40.7064279,-73.943314
3086,3086,40.7084433,-73.94362840000001
3087,3087,40.7055211,-73.93726
3088,3088,40.70725399999999,-73.93952639999998
3089,3089,40.7084094,-73.93831180000001
3091,3091,40.706302799999996,-73.94288209999998
3093,3093,40.707699,-73.94509240000001
3094,3094,40.7829367,-73.9801526
3095,3095,40.783235100000006,-73.9791427
3096,3096,40.7814218,-73.97995449999998
3097,3097,40.7802763,-73.97988939999998
3101,3101,40.781437,-73.97921869999998
3102,3102,40.78342670000001,-73.97849520000001
3108,3108,40.783842,-73.9792219
3109,3109,40.784372999999995,-73.977705
3113,3113,40.7822187,-73.98058950000001
3133,3133,40.71815429999999,-73.9895015
3134,3134,40.798381799999994,-73.96322880000002
3172,3172,40.7581534,-73.99250239999998
3174,3174,40.7602471,-73.9916578
3188,3188,40.7135604,-73.9412535
3189,3189,40.7119782,-73.94241389999998
3190,3190,40.7113172,-73.9446243
3191,3191,40.71258599999999,-73.936947
3192,3192,40.7130934,-73.93655859999998
3193,3193,40.711259000000005,-73.94663229999998
3194,3194,40.71450389999999,-73.9425262
3204,3204,40.719137700000005,-73.99721819999998
3206,3206,40.717833,-73.997314
3207,3207,40.71969719999999,-73.99789390000001
3209,3209,40.71882979999999,-73.99780720000001
3210,3210,40.719796200000005,-73.99740589999998
3211,3211,40.718442200000005,-73.9976223
3212,3212,40.717027,-73.99696800000001
3214,3214,40.7182001,-73.99781180000001
3231,3231,40.7512239,-73.98390479999998
3234,3234,40.7512435,-73.9848667
3251,3251,40.73895609999999,-73.9896882
3262,3262,40.7642437,-73.9797431
3264,3264,40.76519369999999,-73.98068359999998
3268,3268,40.764484499999995,-73.98054640000001
3270,3270,40.7646394,-73.9784473
3272,3272,40.7659023,-73.9800166
3273,3273,40.7627063,-73.97706939999998
3274,3274,40.762527,-73.97771999999998
3276,3276,40.76214149999999,-73.97754850000003
3299,3299,40.7291906,-73.97848040000002
3318,3318,40.7461256,-74.0008333
3319,3319,40.743241999999995,-73.99969200000001
3320,3320,40.7443089,-74.00263319999998
3340,3340,40.717397,-73.99517449999998
3341,3341,40.75002420000001,-74.00281690000001
3342,3342,40.750746,-74.0041608
3343,3343,40.747994399999996,-74.00437579999998
3344,3344,40.748121999999995,-74.00419000000001
3346,3346,40.7507778,-74.003001
3347,3347,40.75050699999999,-74.002523
3348,3348,40.7473,-74.004801
3349,3349,40.748503,-74.003333
3350,3350,40.7480674,-74.00419709999998
3353,3353,40.746962200000006,-74.001403
3354,3354,40.751075799999995,-74.0020274
3355,3355,40.750611,-74.00386800000003
3356,3356,40.751637,-74.0043151
3357,3357,40.7528625,-74.00290679999998
3358,3358,40.752038299999995,-74.0049906
3359,3359,40.75047139999999,-73.9982179
3360,3360,40.752264399999994,-73.99891819999998
3381,3381,40.6918156,-73.9399688
3402,3402,40.753884,-73.94935500000001
3403,3403,40.751992,-73.947524
3404,3404,40.7510944,-73.94553599999998
3405,3405,40.7484929,-73.942296
3406,3406,40.74627390000001,-73.94414029999999
3407,3407,40.7510958,-73.9460058
3408,3408,40.7475747,-73.94555820000001
3409,3409,40.7488517,-73.94073909999999
3410,3410,40.747557,-73.94169240000001
3411,3411,40.7518801,-73.9478517
3412,3412,40.75379,-73.94943529999998
3427,3427,40.740848,-73.981189
3428,3428,40.740978999999996,-73.98131240000001
3429,3429,40.740041399999996,-73.9821896
3430,3430,40.7413316,-73.9809796
3445,3445,40.744581,-73.99045149999998
3446,3446,40.7445127,-73.990465
3453,3453,40.800139,-73.9515179
3454,3454,40.80037149999999,-73.955043
3455,3455,40.80122799999999,-73.94853599999998
3456,3456,40.800393299999996,-73.9551129
3515,3515,40.681647999999996,-73.97655040000001
3517,3517,40.68147379999999,-73.9773979
3519,3519,40.716993,-73.94996789999998
3534,3534,40.716970700000005,-73.94283949999998
3535,3535,40.719170899999995,-73.94314779999998
3549,3549,40.7422601,-74.0073354
3550,3550,40.743371200000006,-74.00812189999998
3551,3551,40.7424016,-74.006303
3553,3553,40.742608000000004,-74.005967
3554,3554,40.7458738,-74.0050929
3555,3555,40.74599370000001,-74.00453499999998
3556,3556,40.7476868,-74.0037054
3572,3572,40.72116080000001,-73.9569813
3573,3573,40.721746,-73.95833
3575,3575,40.7210295,-73.95658829999998
3578,3578,40.768928,-73.982749
3611,3611,40.71650799999999,-73.95284199999998
3617,3617,40.69377539999999,-73.94579820000001
3619,3619,40.67523699999999,-73.956734
3620,3620,40.6738961,-73.9570902
3621,3621,40.67414,-73.953695
3622,3622,40.672069799999996,-73.9572819
3626,3626,40.673365999999994,-73.956813
3627,3627,40.670074299999996,-73.95841429999999
3628,3628,40.678317799999995,-73.9584481
3629,3629,40.678476,-73.95505909999999
3630,3630,40.6756559,-73.955877
3631,3631,40.67570380000001,-73.95591060000002
3632,3632,40.6759936,-73.9561133
3633,3633,40.67216,-73.957666
3634,3634,40.67165800000001,-73.9577815
3635,3635,40.67428789999999,-73.9526714
3637,3637,40.6772562,-73.9573262
3657,3657,40.75246569999999,-73.9773835
3658,3658,40.752023,-73.97775399999998
3664,3664,40.7525325,-73.97338740000001
3666,3666,40.752606,-73.97781499999998
3667,3667,40.7526651,-73.97265519999998
3669,3669,40.7529559,-73.97759090000001
3670,3670,40.7544475,-73.97560949999998
3671,3671,40.7527018,-73.97444909999999
3693,3693,40.742290999999994,-74.00345539999998
3710,3710,40.7328546,-74.00344720000001
3712,3712,40.73568099999999,-74.006171
3721,3721,40.6891739,-73.9509853
3761,3761,40.77189,-73.953422
3766,3766,40.68051869999999,-73.96237459999998
3783,3783,40.676611,-74.013543
3784,3784,40.6759592,-74.01426550000001
3785,3785,40.67729,-74.015478
3786,3786,40.6791272,-74.0110322
3787,3787,40.6791489,-74.01057829999998
3788,3788,40.6810615,-74.00882879999999
3789,3789,40.8080509,-73.9447715
3790,3790,40.8086445,-73.944479
3791,3791,40.8086434,-73.9451464
3792,3792,40.81003400000001,-73.943292
3793,3793,40.80797929999999,-73.94494370000001
3794,3794,40.8133745,-73.94364329999998
3795,3795,40.814223,-73.94406889999998
3796,3796,40.8088165,-73.9452135
3797,3797,40.8117884,-73.94290869999998
3798,3798,40.809368,-73.944751
3799,3799,40.807957200000004,-73.94489190000002
3800,3800,40.8076999,-73.94603659999999
3801,3801,40.8107351,-73.9437872
3802,3802,40.81259,-73.942426
3803,3803,40.809361100000004,-73.9449643
3806,3806,40.8133675,-73.94471349999998
3807,3807,40.8134119,-73.9446569
3808,3808,40.8144481,-73.94477590000001
3829,3829,40.747772999999995,-73.94026199999998
3843,3843,40.799836,-73.942555
3850,3850,40.801145700000006,-73.9440846
3896,3896,40.7670714,-73.91807419999998
3897,3897,40.7657405,-73.9185937
3898,3898,40.76730999999999,-73.91792
3900,3900,40.767206,-73.92011
3901,3901,40.767283,-73.92139890000001
3902,3902,40.7655036,-73.91869129999998
3903,3903,40.7654838,-73.91878359999998
3905,3905,40.772076,-73.920622
3906,3906,40.77219829999999,-73.92050429999998
3907,3907,40.7673409,-73.921083
3908,3908,40.7673819,-73.92129779999998
3909,3909,40.7666287,-73.9213295
3910,3910,40.768934,-73.9128681
3940,3940,40.6799894,-73.9465963
3941,3941,40.67786479999999,-73.9500071
3942,3942,40.678853000000004,-73.95124419999998
3943,3943,40.6781784,-73.94415790000001
3944,3944,40.6830966,-73.94368390000001
3948,3948,40.6785144,-73.94502370000001
3950,3950,40.67988199999999,-73.94298599999998
3951,3951,40.680341600000006,-73.952497
3953,3953,40.68041470000001,-73.952691
3955,3955,40.676208,-73.9494859
3959,3959,40.6796492,-73.95658370000001
3970,3970,40.681071100000004,-73.9564752
3974,3974,40.6772614,-73.95719559999998
3996,3996,40.73775469999999,-73.9561761
3997,3997,40.73677579999999,-73.95513369999998
3998,3998,40.73640899999999,-73.95504199999998
4001,4001,40.7343059,-73.9552271
4002,4002,40.73757,-73.9538
4003,4003,40.73397000000001,-73.955111
4005,4005,40.7362353,-73.95548609999999
4007,4007,40.7333838,-73.9580383
4028,4028,40.7757788,-73.9522764
4031,4031,40.7743295,-73.95367630000001
4032,4032,40.773036,-73.953841
4102,4102,40.7634549,-73.99308060000001
4103,4103,40.766805,-73.99621499999998
4104,4104,40.7650689,-73.99601379999999
4105,4105,40.7645498,-73.99214520000001
4106,4106,40.764716799999995,-73.9915618
4107,4107,40.7647842,-73.9914256
4108,4108,40.7647761,-73.99143389999998
4120,4120,40.7333056,-73.99999869999998
4121,4121,40.7339578,-73.99317070000001
4122,4122,40.735181,-73.993185
4123,4123,40.73391199999999,-74.00010400000001
4124,4124,40.73250000000001,-73.99869199999998
4125,4125,40.7338253,-73.99985229999999
4127,4127,40.7364371,-73.9920977
4128,4128,40.73308869999999,-73.99021409999999
4163,4163,40.7226498,-73.99279240000001
4168,4168,40.72190399999999,-73.99642399999998
4186,4186,40.71285599999999,-73.96248620000001
4187,4187,40.71307780000001,-73.9590161
4190,4190,40.752171999999995,-74.00901999999998
4197,4197,40.75243400000001,-74.00971799999998
4200,4200,40.7518042,-74.00761429999999
4206,4206,40.75040930000001,-74.00338169999998
4207,4207,40.752875,-74.0028978
4223,4223,40.729091600000004,-73.9988446
4224,4224,40.72965610000001,-73.99888359999998
4225,4225,40.7260224,-73.99503080000002
4231,4231,40.75933299999999,-73.98233499999998
4233,4233,40.7594099,-73.98222
4240,4240,40.7596715,-73.98245039999998
4242,4242,40.7579719,-73.98231419999998
4247,4247,40.7598383,-73.9841848
4248,4248,40.76073210000001,-73.9813891
4269,4269,40.7455089,-73.9326835
4270,4270,40.744347499999996,-73.93157950000001
4289,4289,40.7200046,-73.987841
4319,4319,40.723666200000004,-73.97892320000001
4321,4321,40.721782,-73.98026
4323,4323,40.7242517,-73.97842259999999
4324,4324,40.7224461,-73.98298059999998
4325,4325,40.7245274,-73.9802222
4326,4326,40.7224983,-73.9797303
4327,4327,40.7226221,-73.9831628
4328,4328,40.7223805,-73.98299509999998
4329,4329,40.72106340000001,-73.983508
4330,4330,40.723227,-73.98283339999998
4336,4336,40.784960999999996,-73.95564
4341,4341,40.78514860000001,-73.9558548
4346,4346,40.78060070000001,-73.9530791
4347,4347,40.77963200000001,-73.95284199999998
4348,4348,40.7839696,-73.95680820000001
4350,4350,40.7838507,-73.95841779999998
4351,4351,40.76535,-73.918983
4352,4352,40.76468010000001,-73.9171281
4354,4354,40.7648674,-73.91654450000001
4361,4361,40.765057299999995,-73.91698120000001
4362,4362,40.762929,-73.921041
4363,4363,40.7637601,-73.92364890000002
4369,4369,40.763713900000006,-73.92156240000001
4370,4370,40.7634493,-73.9211661
4407,4407,40.745391,-74.00186500000001
4416,4416,40.66607929999999,-73.95651579999998
4420,4420,40.66869939999999,-73.95337140000001
4421,4421,40.669810999999996,-73.95820400000002
4422,4422,40.669903600000005,-73.958387
4427,4427,40.671236900000004,-73.95018420000001
4448,4448,40.7565686,-73.9255395
4449,4449,40.75495900000001,-73.92505179999998
4450,4450,40.756961700000005,-73.92972139999998
4451,4451,40.7561689,-73.92853579999998
4452,4452,40.758019299999994,-73.92332689999998
4453,4453,40.761295000000004,-73.924525
4454,4454,40.758585,-73.9290585
4455,4455,40.758362,-73.9241
4456,4456,40.757805,-73.927495
4457,4457,40.7593326,-73.9260342
4458,4458,40.758679,-73.9255683
4459,4459,40.75594600000001,-73.92866479999998
4460,4460,40.75665490000001,-73.92456039999998
4461,4461,40.760963700000005,-73.9237526
4462,4462,40.761432,-73.92456159999998
4463,4463,40.75884779999999,-73.9269527
4464,4464,40.7563286,-73.92955740000001
4465,4465,40.75585179999999,-73.9278648
4466,4466,40.7556729,-73.9281058
4467,4467,40.7555229,-73.92789570000001
4468,4468,40.804596000000004,-73.95232299999998
4469,4469,40.804770500000004,-73.952519
4473,4473,40.803551500000005,-73.94892209999998
4474,4474,40.8045907,-73.9474438
4478,4478,40.7037938,-73.94771720000001
4528,4528,40.687032499999994,-73.97768020000001
4533,4533,40.687836,-73.9788605
4534,4534,40.6876238,-73.9785601
4536,4536,40.689583299999995,-73.9759132
4545,4545,40.7254599,-73.9780184
4550,4550,40.725716,-73.97747900000002
4551,4551,40.724733799999996,-73.9812697
4553,4553,40.725528499999996,-73.9781384
4554,4554,40.72633489999999,-73.9775392
4555,4555,40.723720799999995,-73.97877829999999
4556,4556,40.72385209999999,-73.9787541
4557,4557,40.724799,-73.978477
4593,4593,40.68519409999999,-73.9797928
4594,4594,40.68208970000001,-73.9795288
4596,4596,40.684588700000006,-73.97691920000003
4646,4646,40.735676700000006,-74.00577270000001
4647,4647,40.73592,-74.006232
4648,4648,40.73517830000001,-74.00979029999998
4652,4652,40.734970399999995,-74.00803459999999
4685,4685,40.686587599999996,-73.9746662
4687,4687,40.68670720000001,-73.9757461
4689,4689,40.686755299999994,-73.9750998
4690,4690,40.686989000000004,-73.97534
4709,4709,40.7051667,-74.01133589999998
4711,4711,40.7041771,-74.01048459999998
4712,4712,40.703806,-74.012371
4713,4713,40.704614500000005,-74.009734
4738,4738,40.68800529999999,-73.96263809999998
4744,4744,40.68753299999999,-73.9623478
4745,4745,40.686910499999996,-73.9628316
4746,4746,40.6882242,-73.9628762
4795,4795,40.75929489999999,-73.96903329999998
4796,4796,40.7593596,-73.96840569999998
4837,4837,40.7159364,-73.99678940000001
4838,4838,40.71607349999999,-73.99658620000001
4930,4930,40.779641,-73.95024149999998
4949,4949,40.7195958,-73.9948655
4955,4955,40.721191,-73.99539200000001
4964,4964,40.7987746,-73.962823
4967,4967,40.800417100000004,-73.96522200000003
4968,4968,40.800805700000005,-73.96510740000001
4969,4969,40.8007864,-73.9658536
5030,5030,40.67861,-73.98974299999998
5035,5035,40.677607,-73.987193
5036,5036,40.6786426,-73.9869171
5037,5037,40.6795128,-73.9868335
5038,5038,40.67735570000001,-73.9862895
5042,5042,40.6796276,-73.98920109999999
5044,5044,40.6789294,-73.98306680000002
5045,5045,40.67743979999999,-73.9827038
5070,5070,40.815836,-73.953085
5071,5071,40.81789129999999,-73.9534452
5072,5072,40.6980615,-73.9846285
5104,5104,40.776443,-73.95200299999998
5141,5141,40.7322542,-73.95768670000001
5142,5142,40.7297678,-73.95993519999998
5143,5143,40.7331751,-73.9579136
5146,5146,40.7289165,-73.960566
5166,5166,40.678938,-73.9619603
5167,5167,40.67837189999999,-73.96405899999998
5178,5178,40.718861,-73.963573
5181,5181,40.716386799999995,-73.96161479999998
5182,5182,40.7175279,-73.9634748
5187,5187,40.71954100000001,-73.96043900000001
5241,5241,40.7471141,-73.97396090000001
5247,5247,40.74435089999999,-73.97648889999998
5263,5263,40.7567236,-73.9771021
5266,5266,40.757012599999996,-73.97692590000001
5267,5267,40.7533599,-73.9732416
5269,5269,40.659901899999994,-73.9609011
5270,5270,40.6596141,-73.96040359999998
5271,5271,40.66173,-73.96186
5272,5272,40.76227999999999,-73.92556400000001
5274,5274,40.7623472,-73.9256595
5275,5275,40.7623377,-73.9253188
5276,5276,40.763153,-73.92842320000001
5277,5277,40.7629651,-73.9269922
5279,5279,40.761662,-73.92426999999998
5280,5280,40.76565610000001,-73.92659909999998
5283,5283,40.76158970000001,-73.92364669999998
5285,5285,40.76335419999999,-73.9280498
5286,5286,40.7617,-73.9243255
5287,5287,40.761701200000005,-73.925155
5288,5288,40.76154890000001,-73.9240253
5297,5297,40.8064091,-73.94988699999998
5390,5390,40.68950299999999,-73.93606899999999
5404,5404,40.719874,-73.98709000000001
5405,5405,40.720863,-73.987291
5407,5407,40.72067089999999,-73.98445670000001
5409,5409,40.718907200000004,-73.98700079999998
5410,5410,40.71946829999999,-73.9888375
5411,5411,40.702521000000004,-73.986471
5412,5412,40.702667,-73.993116
5413,5413,40.7026637,-73.98917449999998
5414,5414,40.7030214,-73.98680309999999
5415,5415,40.697420799999996,-73.9933581
5416,5416,40.699094,-73.9924662
5417,5417,40.7023677,-73.98748690000001
5418,5418,40.70004469999999,-73.9937563
5419,5419,40.699546000000005,-73.99228099999998
5420,5420,40.6980478,-73.9916475
5421,5421,40.699683,-73.992074
5423,5423,40.6993381,-73.9922792
5424,5424,40.70299869999999,-73.9938069
5425,5425,40.703272,-73.98684859999999
5426,5426,40.700877,-73.9881285
5427,5427,40.7005537,-73.9875437
5428,5428,40.7037975,-73.99234240000001
5429,5429,40.69926290000001,-73.9922772
5430,5430,40.702751299999996,-73.99354050000001
5445,5445,40.7556281,-73.92247429999998
5448,5448,40.75877300000001,-73.91821
5449,5449,40.75899880000001,-73.9193523
5451,5451,40.7558004,-73.92311040000001
5452,5452,40.7591527,-73.91967059999999
5453,5453,40.7593998,-73.91957990000002
5454,5454,40.7604693,-73.92262869999998
5455,5455,40.759588,-73.919761
5456,5456,40.757901700000005,-73.92016079999998
5458,5458,40.759168599999995,-73.92012140000001
5459,5459,40.7580596,-73.9173718
5460,5460,40.756628000000006,-73.92124059999998
5461,5461,40.757308200000004,-73.9206887
5462,5462,40.7560274,-73.92120729999998
5463,5463,40.7556538,-73.922037
5520,5520,40.7300124,-73.98044469999998
5521,5521,40.730016,-73.9811835
5524,5524,40.731145,-73.98302
5528,5528,40.80692560000001,-73.9539472
5532,5532,40.806203000000004,-73.9532825
5539,5539,40.80684249999999,-73.953372
5540,5540,40.806158,-73.9530364
5544,5544,40.8059029,-73.95402759999999
5562,5562,40.7189369,-73.95606590000001
5618,5618,40.76539199999999,-73.965559
5624,5624,40.76056659999999,-73.9692323
5625,5625,40.6822069,-73.93771159999999
5626,5626,40.6774698,-73.93564119999998
5627,5627,40.682823799999994,-73.93779599999998
5628,5628,40.683034899999996,-73.94062459999998
5629,5629,40.683400299999995,-73.93468779999998
5630,5630,40.6807992,-73.9374079
5631,5631,40.678096999999994,-73.93883570000001
5633,5633,40.68399340000001,-73.9384321
5634,5634,40.683349,-73.934688
5696,5696,40.6729782,-73.9833518
5707,5707,40.673616100000004,-73.98240179999998
5734,5734,40.72102999999999,-73.94078800000003
5735,5735,40.72158049999999,-73.9404929
5748,5748,40.66062879999999,-73.9805259
5749,5749,40.6641739,-73.9807749
5750,5750,40.660121600000004,-73.9835372
5755,5755,40.663158300000006,-73.98450109999999
5757,5757,40.6657841,-73.9889618
5759,5759,40.66396829999999,-73.9894291
5760,5760,40.665256899999996,-73.98923509999999
5761,5761,40.66533629999999,-73.98920729999998
5762,5762,40.663292999999996,-73.98487390000001
5763,5763,40.6647655,-73.98968020000001
5806,5806,40.713396,-73.98871299999998
5807,5807,40.715897,-73.987447
5808,5808,40.71415400000001,-73.98706299999998
5809,5809,40.714107,-73.9870203
5810,5810,40.7142799,-73.99041770000001
5847,5847,40.7224092,-73.9840517
5848,5848,40.722520200000005,-73.9859309
5934,5934,40.788257,-73.94286
5969,5969,40.712005,-73.9633474
5970,5970,40.713526200000004,-73.96178959999999
6026,6026,40.754082200000006,-73.99897940000001
6031,6031,40.75499269999999,-73.99835709999998
6032,6032,40.75410449999999,-73.9989178
6034,6034,40.757596899999996,-73.9981559
6054,6054,40.6869339,-73.99388559999998
6078,6078,40.7708406,-73.90298729999998
6079,6079,40.77503540000001,-73.909403
6080,6080,40.7703359,-73.907484
6081,6081,40.77412929999999,-73.90763849999998
6082,6082,40.77017300000001,-73.9095273
6083,6083,40.77441400000001,-73.908738
6084,6084,40.7702979,-73.909634
6086,6086,40.7730857,-73.9054343
6087,6087,40.773384,-73.90651559999998
6088,6088,40.7738228,-73.907794
6089,6089,40.774132,-73.908262
6090,6090,40.77468169999999,-73.90842409999998
6092,6092,40.77025920000001,-73.9067455
6093,6093,40.76912590000001,-73.90507290000001
6094,6094,40.774541799999994,-73.9081696
6095,6095,40.7687013,-73.910679
6096,6096,40.77483300000001,-73.90862800000001
6097,6097,40.77533349999999,-73.9100549
6116,6116,40.7062036,-73.95007659999999
6120,6120,40.7071619,-73.947452
6128,6128,40.757153499999994,-73.94418929999998
6147,6147,40.784199,-73.977301
6148,6148,40.7841823,-73.97728029999998
6182,6182,40.681356,-73.993892
6183,6183,40.6809684,-73.99413729999998
6225,6225,40.8014906,-73.9615791
6331,6331,40.69768490000001,-73.971488
6332,6332,40.6985551,-73.97120290000001
6333,6333,40.69846330000001,-73.97770539999998
6353,6353,40.7387554,-73.993779
6407,6407,40.77332,-73.92713700000002
6408,6408,40.7723648,-73.9272762
6414,6414,40.769069099999996,-73.9815601
6420,6420,40.768882,-73.98263
6421,6421,40.7689823,-73.98301550000001
6425,6425,40.76933289999999,-73.9828825
6427,6427,40.769461,-73.9825829
6454,6454,40.7612634,-73.92338199999999
6498,6498,40.70275499999999,-73.98128840000001
6504,6504,40.6996383,-73.9802043
6525,6525,40.7266463,-73.97988579999998
6535,6535,40.785740999999994,-73.984498
6555,6555,40.7470424,-73.9528873
6560,6560,40.747206,-73.956011
6564,6564,40.7473958,-73.956777
6566,6566,40.74820190000001,-73.95694379999998
6569,6569,40.746134000000005,-73.9569887
6626,6626,40.7060267,-74.0170497
6629,6629,40.70534910000001,-74.016063
6630,6630,40.70445420000001,-74.01734609999998
6631,6631,40.704418,-74.01790199999998
6633,6633,40.70633660000001,-74.01183739999998
6636,6636,40.7097224,-74.0145215
6730,6730,40.80475360000001,-73.9554776
6732,6732,40.8048926,-73.9546798
6734,6734,40.804433700000004,-73.9559234
6735,6735,40.8023205,-73.95668690000001
6737,6737,40.802218100000005,-73.95662510000002
6739,6739,40.80279499999999,-73.956964
6742,6742,40.8028299,-73.95625260000001
6749,6749,40.8010044,-73.9587712
6755,6755,40.665436299999996,-73.9897495
6756,6756,40.663291,-73.99107699999998
6758,6758,40.66316190000001,-73.9912375
6762,6762,40.6651207,-73.98990169999998
6775,6775,40.811460499999995,-73.95787750000001
6776,6776,40.814772,-73.959351
6777,6777,40.8108933,-73.95831940000001
6778,6778,40.81004710000001,-73.9584781
6779,6779,40.8146283,-73.9593787
6829,6829,40.71543399999999,-73.99008309999998
6830,6830,40.715078000000005,-73.99118100000001
6831,6831,40.7150555,-73.99167940000001
6835,6835,40.715143,-73.9911467
6836,6836,40.7153336,-73.9914222
6847,6847,40.7492394,-73.97893959999998
6890,6890,40.768603000000006,-73.985579
6891,6891,40.7697508,-73.9883609
6892,6892,40.767777,-73.98490799999998
6894,6894,40.7677324,-73.9836128
6903,6903,40.719125,-73.98573189999998
6904,6904,40.72018610000001,-73.9846227
6905,6905,40.719111700000006,-73.9845212
6906,6906,40.718897600000005,-73.98504750000002
6907,6907,40.7181901,-73.9862265
6908,6908,40.718932,-73.9852922
6909,6909,40.718893,-73.987009
6910,6910,40.7190559,-73.9856564
6912,6912,40.7194218,-73.9850726
6913,6913,40.71953600000001,-73.984995
6915,6915,40.7197518,-73.9849705
6916,6916,40.7179416,-73.9854156
6917,6917,40.719667799999996,-73.9849772
6934,6934,40.719941199999994,-73.98486240000001
6943,6943,40.684791,-73.944378
6945,6945,40.68385539999999,-73.94386220000001
6950,6950,40.685091,-73.9440809
6970,6970,40.7151348,-73.99205090000001
6972,6972,40.7152722,-73.99193309999998
6982,6982,40.783364899999995,-73.9795709
6983,6983,40.782166700000005,-73.98064140000001
6984,6984,40.782158,-73.9803886
6985,6985,40.78437,-73.977807
6986,6986,40.78401699999999,-73.977947
6987,6987,40.78436749999999,-73.9778054
6988,6988,40.7810583,-73.9808407
6989,6989,40.7806869,-73.98103569999998
6990,6990,40.78410299999999,-73.977963
6991,6991,40.78411539999999,-73.97784190000002
6992,6992,40.7833726,-73.97781579999999
7044,7044,40.785899799999996,-73.97595199999998
7047,7047,40.7395016,-73.94262370000001
7048,7048,40.7764678,-73.9105948
7049,7049,40.7787669,-73.91412740000001
7052,7052,40.77850770000001,-73.9090133
7061,7061,40.78102330000001,-73.91714259999998
7062,7062,40.77930550000001,-73.91556589999998
7063,7063,40.78072350000001,-73.9167618
7119,7119,40.7780463,-73.9808312
7156,7156,40.68222050000001,-73.9958918
7157,7157,40.6865651,-73.9940793
7160,7160,40.686144799999994,-73.99392359999999
7161,7161,40.6855031,-73.995251
7162,7162,40.68747359999999,-74.0012995
7163,7163,40.68605000000001,-73.99386899999999
7188,7188,40.770393799999994,-73.9897287
7189,7189,40.771567299999994,-73.9937333
7190,7190,40.77037809999999,-73.9919553
7191,7191,40.7714622,-73.9936626
7192,7192,40.767345799999994,-73.9894995
7258,7258,40.75607000000001,-73.994013
7260,7260,40.7561378,-73.99461769999998
7261,7261,40.7544225,-73.99407590000001
7264,7264,40.75377,-73.994541
7266,7266,40.756665500000004,-73.99366959999998
7267,7267,40.758771100000004,-73.99301290000001
7268,7268,40.7568773,-73.99343640000001
7269,7269,40.75679,-73.993408
7270,7270,40.754439,-73.9951889
7285,7285,40.710799,-73.95154699999998
7286,7286,40.71085590000001,-73.9509977
7287,7287,40.710468299999995,-73.95413280000002
7288,7288,40.71094099999999,-73.94807800000001
7289,7289,40.7070244,-73.9543449
7317,7317,40.706112100000006,-74.01153459999998
7340,7340,40.727923499999996,-73.97934120000001
7341,7341,40.727156,-73.98024699999998
7347,7347,40.7289216,-73.97827109999999
7349,7349,40.77112,-73.926401
7350,7350,40.771734,-73.926731
7355,7355,40.7722612,-73.9291319
7356,7356,40.7723034,-73.92922850000001
7457,7457,40.7223506,-73.95923479999998
7519,7519,40.74765319999999,-73.9741324
7521,7521,40.7475852,-73.973315
7522,7522,40.74825730000001,-73.97364619999998
7524,7524,40.746055600000005,-73.97517629999999
7525,7525,40.7471115,-73.9739627
7573,7573,40.765609399999995,-73.982685
7636,7636,40.774645899999996,-73.95735400000001
7639,7639,40.7747326,-73.9654525
7640,7640,40.77394719999999,-73.9579191
7641,7641,40.7745381,-73.9574362
7643,7643,40.769545,-73.96360899999998
7644,7644,40.772065000000005,-73.9607319
7697,7697,40.701637700000006,-73.99584329999998
7750,7750,40.7651828,-73.97189370000001
7751,7751,40.766689299999996,-73.96959319999998
7752,7752,40.76456959999999,-73.9689989
7753,7753,40.7649689,-73.96588390000001
7773,7773,40.68295270000001,-73.98346690000001
7774,7774,40.688015,-73.9881944
7884,7884,40.75542709999999,-73.98105290000001
7886,7886,40.755025,-73.98113000000001
7892,7892,40.756168200000005,-73.98456399999998
7928,7928,40.7188224,-73.95519509999998
7991,7991,40.681326399999996,-73.96650799999998
8029,8029,40.7279203,-73.9948726
8030,8030,40.7258509,-73.99021309999998
8031,8031,40.72903429999999,-73.9918323
8093,8093,40.758352,-73.96658359999998
8120,8120,40.76393530000001,-73.98199679999998
8128,8128,40.6699701,-73.97868129999998
8188,8188,40.765435499999995,-73.9655207
8190,8190,40.7676351,-73.9637678
8192,8192,40.7653068,-73.9638425
8194,8194,40.76862879999999,-73.96736430000001
8195,8195,40.77002639999999,-73.9577755
8233,8233,40.7048499,-74.0095927
8235,8235,40.701113299999996,-74.012936
8310,8310,40.76071890000001,-73.9808912
8323,8323,40.6681669,-73.9800645
8412,8412,40.7182264,-73.9452187
8414,8414,40.714921600000004,-73.9441791
8415,8415,40.714996600000006,-73.9447096
8463,8463,40.763740999999996,-73.9893053
8471,8471,40.764109999999995,-73.98827170000001
8472,8472,40.76440770000001,-73.98891069999998
8523,8523,40.7784181,-73.9213505
8543,8543,40.776298,-73.95548099999998
8548,8548,40.777103100000005,-73.9537473
8661,8661,40.6628271,-73.9539855
8764,8764,40.674924600000004,-74.0161622
8766,8766,40.6756909,-74.01693979999999
8768,8768,40.67669179999999,-74.0191522
8770,8770,40.6734904,-74.0100937
8771,8771,40.6731544,-74.01219520000001
8773,8773,40.7602103,-73.9152773
8774,8774,40.7608214,-73.915577
8789,8789,40.7596281,-73.91993659999999
8791,8791,40.75863519999999,-73.91959990000001
8906,8906,40.7753313,-73.9687344
8918,8918,40.7793787,-73.96332070000001
8919,8919,40.7795739,-73.96322690000001
8920,8920,40.7750052,-73.9687947
9016,9016,40.716117700000005,-73.951522
9108,9108,40.731495100000004,-73.9579832
9196,9196,40.715211,-73.951022
9246,9246,40.6739055,-73.9503541
9249,9249,40.675360999999995,-73.9497109
9253,9253,40.6758884,-73.9501782
9254,9254,40.673971,-73.95036999999998
9360,9360,40.7115607,-73.946834
9396,9396,40.757418799999996,-73.91529320000001
9397,9397,40.757866,-73.916319
9398,9398,40.75785399999999,-73.91712
9412,9412,40.7545873,-73.9167196
9419,9419,40.75508000000001,-73.918161
9422,9422,40.7579053,-73.92011590000001
9443,9443,40.7581535,-73.97886419999998
9455,9455,40.6715018,-73.95020290000001
9508,9508,40.7073436,-73.95413149999999
9612,9612,40.718827000000005,-73.95413099999998
9617,9617,40.717525200000004,-73.9488702
9618,9618,40.7169725,-73.9500757
9619,9619,40.7220109,-73.9494845
9687,9687,40.761204,-73.96353500000002
9688,9688,40.761110200000005,-73.9629877
9773,9773,40.68753220000001,-73.97254459999998
9853,9853,40.727140000000006,-73.97987499999998
9854,9854,40.72698159999999,-73.9799451
9855,9855,40.72798399999999,-73.97932399999998
9856,9856,40.7284346,-73.9789059
9857,9857,40.72565849999999,-73.9780286
9931,9931,40.703684,-73.994861
9946,9946,40.70329520000001,-73.9950375
9975,9975,40.6851952,-73.9388704
10129,10129,40.72640099999999,-74.00887999999998
10130,10130,40.7264254,-74.00871140000001
10131,10131,40.7263865,-74.00872509999998
10132,10132,40.7276913,-74.0080691
10133,10133,40.725835499999995,-74.00890179999998
10134,10134,40.723738,-74.010485
10135,10135,40.725599700000004,-74.0078786
10136,10136,40.7303199,-74.00656740000001
10137,10137,40.724017399999994,-74.010448
10146,10146,40.74943,-73.955786
10151,10151,40.7465935,-73.9517631
10153,10153,40.747585799999996,-73.950672
10211,10211,40.75327199999999,-73.973911
10213,10213,40.7547086,-73.97339090000001
10242,10242,40.760442299999994,-73.9223335
10243,10243,40.7607231,-73.92243020000001
10259,10259,40.76715300000001,-73.912019
10260,10260,40.766802500000004,-73.9128762
10414,10414,40.683991,-74.00998299999998
10444,10444,40.67388640000001,-73.99905940000001
10448,10448,40.6566294,-74.00861909999998
10449,10449,40.65728259999999,-74.0075122
10450,10450,40.6570399,-74.00716709999998
10451,10451,40.6570664,-74.006923
10452,10452,40.6538135,-74.0076855
10453,10453,40.6536651,-74.0078382
10454,10454,40.653589000000004,-74.0080308
10538,10538,40.6606554,-73.95089909999999
10539,10539,40.659591999999996,-73.950808
10540,10540,40.6604033,-73.949426
10803,10803,40.770115000000004,-73.957691
10805,10805,40.77076229999999,-73.95723199999998
10817,10817,40.7016836,-73.99601229999998
10818,10818,40.7018439,-73.99591269999998
11108,11108,40.75032819999999,-73.98636189999998
11133,11133,40.8065685,-73.9610072
11159,11159,40.711304999999996,-73.96307900000001
11161,11161,40.710584600000004,-73.95883719999998
11162,11162,40.711321399999996,-73.9630526
11163,11163,40.7116734,-73.96184149999998
11200,11200,40.761456,-73.96085599999998
11305,11305,40.68914770000001,-74.0183103
11306,11306,40.6903731,-74.01970949999999
11376,11376,40.77105400000001,-73.95930190000001
11415,11415,40.7519217,-73.9260791
11419,11419,40.7552738,-73.92723840000001
11425,11425,40.755958899999996,-73.9243927
11445,11445,40.753145200000006,-73.99672659999999
11485,11485,40.6511299,-74.01148549999998
11603,11603,40.767950899999995,-73.9685872
11605,11605,40.7657089,-73.9692385
11610,11610,40.709157,-73.955794
11614,11614,40.708649799999996,-73.95797859999998
11615,11615,40.7075371,-73.95594859999999
11616,11616,40.7092997,-73.9585692
11617,11617,40.7094179,-73.95849539999998
11618,11618,40.7093953,-73.9557499
11619,11619,40.70938220000001,-73.95565970000001
11764,11764,40.75269369999999,-73.97243979999999
11765,11765,40.750398600000004,-73.9721622
11766,11766,40.75186939999999,-73.9738783
11767,11767,40.7536925,-73.9679665
11770,11770,40.750438,-73.969225
11771,11771,40.75183699999999,-73.97235599999998
11772,11772,40.752026,-73.96991170000001
11773,11773,40.75124599999999,-73.973155
11774,11774,40.751495,-73.97063700000002
11808,11808,40.6584636,-73.98235109999999
11809,11809,40.659023,-73.981765
11810,11810,40.6601937,-73.98019920000002
11811,11811,40.6598283,-73.98053209999998
11813,11813,40.657724,-73.979661
11814,11814,40.6579071,-73.98291890000002
11880,11880,40.65059699999999,-74.01448599999998
11881,11881,40.6482854,-74.0146172
11897,11897,40.7554696,-73.9917566
11900,11900,40.755971200000005,-73.99204519999998
