,LodgingId,lat,lon
0,0,40.72935390000001,-73.9898467
1,1,40.727937100000005,-73.99078490000001
2,2,40.7271802,-73.99216229999998
3,3,40.72601699999999,-73.991629
4,4,40.7333524,-73.9902571
5,5,40.72872569999999,-73.98830339999998
6,6,40.7290155,-73.98711390000001
7,7,40.727846899999996,-73.99267370000001
8,8,40.732015000000004,-73.9868175
9,9,40.727404,-73.98735099999998
10,10,40.73247319999999,-73.9950116
11,11,40.731382399999994,-73.99180869999998
12,12,40.73250410000001,-73.98904040000001
13,13,40.732896999999994,-73.98786700000001
14,14,40.72864320000001,-73.99207799999998
15,15,40.730068100000004,-73.9935436
16,16,40.732791399999996,-73.9925702
17,17,40.73311629999999,-73.9913066
18,18,40.7284059,-73.98507070000001
19,19,40.7279838,-73.98306339999998
20,20,40.728684,-73.98080139999998
22,22,40.726588899999996,-73.98431769999998
23,23,40.72682329999999,-73.9771719
24,24,40.7279092,-73.98196920000001
25,25,40.726436699999994,-73.97646490000001
26,26,40.727140399999996,-73.9798745
27,27,40.73160480000001,-73.98390520000001
28,28,40.729208,-73.984893
29,29,40.732907,-73.9799726
30,30,40.73192179999999,-73.98391079999998
31,31,40.726674700000004,-73.97724649999998
32,32,40.72728499999999,-73.985237
33,33,40.740923200000005,-74.008111
34,34,40.7398532,-74.00573349999998
35,35,40.7459912,-74.0049983
36,36,40.74029180000001,-74.00341230000001
37,37,40.74024709999999,-74.0030962
38,38,40.7405866,-74.00583189999998
39,39,40.742447,-74.00390620000002
40,40,40.7423311,-74.00347909999998
41,41,40.742028999999995,-74.0085618
42,42,40.74128899999999,-74.0046969
43,43,40.74103650000001,-74.0037952
44,44,40.7440571,-74.00653199999998
46,46,40.7420414,-74.00334140000001
47,47,40.742436600000005,-74.0033098
48,48,40.7407848,-74.00414479999998
49,49,40.7417494,-74.0087829
50,50,40.7421472,-74.00612079999998
51,51,40.7400201,-74.00312240000001
52,52,40.711114,-74.010333
53,53,40.71519969999999,-74.0091202
54,54,40.715475,-74.008909
55,55,40.71584519999999,-74.0074501
56,56,40.708985,-74.00916289999998
57,57,40.7098029,-74.01388639999998
58,58,40.70970579999999,-74.0138809
59,59,40.71491140000001,-74.01546119999998
60,60,40.710034,-74.008657
61,61,40.71088399999999,-74.00838999999998
62,62,40.712968,-74.0074806
63,63,40.710968,-74.0084713
64,64,40.715201,-74.0091396
66,66,40.711133399999994,-74.0067533
67,67,40.709604999999996,-74.0098272
68,68,40.70959999999999,-74.00872000000003
69,69,40.7103777,-74.0066971
70,70,40.70938999999999,-74.0123
71,71,40.709385499999996,-74.01265959999998
72,72,40.763309,-73.986814
73,73,40.7645117,-73.992333
74,74,40.763279499999996,-73.98566439999998
75,75,40.761291,-73.991736
76,76,40.7612054,-73.9865068
77,77,40.76039600000001,-73.987764
78,78,40.760319700000004,-73.9877785
79,79,40.76136169999999,-73.98558129999998
80,80,40.76102299999999,-73.985378
81,81,40.76404410000001,-73.99452990000002
82,82,40.7595373,-73.9906663
83,83,40.762738,-73.98365600000001
84,84,40.76061099999999,-73.9850757
85,85,40.764153,-73.994963
86,86,40.761677299999995,-73.98803989999998
87,87,40.7617382,-73.9852527
88,88,40.75957260000001,-73.9870887
89,89,40.7612425,-73.985922
90,90,40.760566100000005,-73.98632409999998
91,91,40.76035,-73.98975300000001
92,92,40.7208944,-73.95543149999999
93,93,40.72188870000001,-73.95809709999999
94,94,40.7180718,-73.9548138
95,95,40.720617,-73.957514
96,96,40.718399100000006,-73.963233
97,97,40.7215045,-73.9587016
98,98,40.722293,-73.956682
99,99,40.7149448,-73.95920720000001
100,100,40.71813529999999,-73.9579442
101,101,40.7179448,-73.9575808
102,102,40.7208251,-73.95879090000001
103,103,40.719988,-73.9608263
104,104,40.717583399999995,-73.9607638
106,106,40.71566079999999,-73.96122259999999
107,107,40.713609700000006,-73.99363340000001
108,108,40.7134506,-73.9929011
109,109,40.7122141,-73.992694
110,110,40.7118777,-73.99867309999998
111,111,40.7127624,-73.99516820000001
112,112,40.71241099999999,-73.9988307
113,113,40.71403589999999,-73.99386190000001
114,114,40.7144001,-73.999026
115,115,40.7078904,-74.0001205
116,116,40.7107054,-74.0002088
117,117,40.712194399999994,-73.99290660000003
118,118,40.7134531,-73.99288309999999
119,119,40.71348029999999,-73.99289040000001
120,120,40.712214,-73.992694
121,121,40.783028,-73.947622
122,122,40.7861805,-73.9489783
123,123,40.78356100000001,-73.94815799999999
124,124,40.783351700000004,-73.94739399999999
125,125,40.782053000000005,-73.9484277
126,126,40.7894047,-73.94988520000003
127,127,40.78781360000001,-73.94808940000001
128,128,40.78940300000001,-73.948656
129,129,40.7714959,-73.98266729999999
130,130,40.778764100000004,-73.98458780000001
131,131,40.774291600000005,-73.98300139999998
132,132,40.7749033,-73.9882882
133,133,40.7777473,-73.9812353
134,134,40.7715807,-73.9811807
135,135,40.774544,-73.98259399999998
136,136,40.7783102,-73.98358809999998
137,137,40.7715768,-73.9858615
138,138,40.777845899999996,-73.98140719999998
139,139,40.7752296,-73.9810287
140,140,40.7769829,-73.979636
141,141,40.77510470000001,-73.9845646
142,142,40.774486399999994,-73.9831212
143,143,40.777261100000004,-73.98304639999998
144,144,40.7783368,-73.983485
145,145,40.7765875,-73.98037159999998
146,146,40.779036,-73.98611
147,147,40.719434,-73.9947186
148,148,40.7184105,-73.99516949999999
149,149,40.718578799999996,-73.98983799999998
150,150,40.7212029,-73.9927321
151,151,40.720630799999995,-73.99535390000001
152,152,40.7170783,-73.9953373
153,153,40.71668200000001,-73.994916
154,154,40.717396,-73.99594570000001
155,155,40.7219874,-73.9936795
156,156,40.719762,-73.98809299999998
157,157,40.720338299999995,-73.98812190000001
158,158,40.7220729,-73.98850829999998
159,159,40.7186487,-73.9925872
160,160,40.717468,-73.9949346
161,161,40.7160818,-73.9951885
162,162,40.718977100000004,-73.994395
163,163,40.718785200000006,-73.9902498
164,164,40.71668649999999,-73.9953895
165,165,40.7183194,-73.99122390000001
166,166,40.715149200000006,-73.99369089999998
167,167,40.677838,-73.97197299999998
168,168,40.6750867,-73.9753123
169,169,40.67956660000001,-73.9774657
170,170,40.6774906,-73.97148990000001
171,171,40.67558280000001,-73.9762756
172,172,40.67566040000001,-73.9708397
173,173,40.67348,-73.973638
174,174,40.806381200000004,-73.94053749999998
175,175,40.8077044,-73.9378535
176,176,40.80696629999999,-73.9431103
177,177,40.8078578,-73.94305390000001
178,178,40.807977,-73.937601
179,179,40.8057902,-73.9453375
180,180,40.803254200000005,-73.93577549999998
181,181,40.805763000000006,-73.94535499999998
182,182,40.8047458,-73.9390043
183,183,40.80706259999999,-73.93882940000002
184,184,40.807007399999996,-73.9411064
185,185,40.80411700000001,-73.93520140000001
186,186,40.8079633,-73.9415298
187,187,40.8011422,-73.93716289999998
188,188,40.808746,-73.939309
189,189,40.805598100000005,-73.9450787
190,190,40.8087683,-73.9413452
191,191,40.80023070000001,-73.94079649999998
192,192,40.8061436,-73.9451583
194,194,40.798684,-73.96665300000002
195,195,40.798739000000005,-73.96826999999998
196,196,40.79782649999999,-73.96994040000001
197,197,40.80184000000001,-73.966645
198,198,40.79700620000001,-73.9676968
199,199,40.7977877,-73.9687112
200,200,40.800438,-73.97104300000001
201,201,40.80194289999999,-73.96679329999998
202,202,40.7997133,-73.97037639999998
203,203,40.79872769999999,-73.9666436
204,204,40.79863829999999,-73.9666112
205,205,40.798694399999995,-73.97031899999999
206,206,40.8050196,-73.9672131
207,207,40.7989913,-73.967047
208,208,40.8019385,-73.9666342
209,209,40.798772099999994,-73.96666909999998
210,210,40.79863829999999,-73.9666111
211,211,40.79787,-73.96911
212,212,40.798786,-73.97059000000002
213,213,40.799953,-73.9608949
214,214,40.7161414,-73.9652978
218,218,40.7148768,-73.96266229999998
222,222,40.7497723,-73.9906244
223,223,40.752379,-73.991199
224,224,40.74827289999999,-73.9878262
225,225,40.747202,-73.98997800000001
226,226,40.7469851,-73.9913827
227,227,40.752722,-73.99360519999998
228,228,40.748233899999995,-73.987454
229,229,40.7503679,-73.9865054
230,230,40.748342,-73.994637
231,231,40.7502968,-73.9864343
232,232,40.74668330000001,-73.99136800000001
233,233,40.74971420000001,-73.99570250000001
234,234,40.750504799999995,-73.98605820000002
235,235,40.750143,-73.98599140000002
236,236,40.7522536,-73.99506120000001
237,237,40.74615759999999,-73.99144270000001
238,238,40.747738700000006,-73.9865702
239,239,40.74722999999999,-73.987004
240,240,40.750423100000006,-73.9858266
241,241,40.7544949,-73.9925695
242,242,40.7079177,-74.00721429999999
243,243,40.70889229999999,-74.00200190000001
245,245,40.7055616,-74.00718909999998
246,246,40.70670799999999,-74.0089239
247,247,40.705063,-74.00617700000001
248,248,40.7051691,-74.00802399999998
249,249,40.7074594,-74.00589240000001
250,250,40.707316399999996,-74.0015425
252,252,40.705911,-74.004993
254,254,40.705627500000006,-74.0076321
255,255,40.7071106,-74.00186690000001
256,256,40.707422799999996,-74.00637379999998
257,257,40.70776,-74.00739300000001
258,258,40.7079853,-74.00771089999998
259,259,40.7086941,-74.002014
261,261,40.7057816,-74.00507600000002
263,263,40.776267600000004,-73.97761700000001
270,270,40.7775161,-73.9797431
271,271,40.7763458,-73.97890509999998
275,275,40.773502,-73.9789261
276,276,40.77633840000001,-73.97891589999998
282,282,40.7094856,-73.9514481
283,283,40.7130994,-73.94938259999998
284,284,40.712271799999996,-73.9464893
285,285,40.7082513,-73.94716439999998
286,286,40.713268799999994,-73.95152409999999
287,287,40.709503999999995,-73.9514236
288,288,40.7657089,-73.9692386
289,289,40.7644768,-73.9726283
290,290,40.76663689999999,-73.9683848
291,291,40.7645507,-73.969144
292,292,40.76485770000001,-73.9753473
293,293,40.765271899999995,-73.97599919999998
294,294,40.7643281,-73.9756584
295,295,40.762142,-73.971429
296,296,40.76446909999999,-73.9744877
297,297,40.765243100000006,-73.972003
298,298,40.7635843,-73.9723967
299,299,40.7645223,-73.9702939
300,300,40.764169700000004,-73.9674314
301,301,40.76477620000001,-73.97108370000001
302,302,40.7657388,-73.96922159999998
303,303,40.76295160000001,-73.9692965
304,304,40.7632469,-73.97000909999998
305,305,40.764562899999994,-73.9703574
306,306,40.7647456,-73.97648659999999
307,307,40.76461,-73.966162
311,311,40.7640167,-73.98281089999998
312,312,40.7651625,-73.98295440000001
313,313,40.76212909999999,-73.98289760000002
315,315,40.765651399999996,-73.98299540000001
318,318,40.7614645,-73.9825913
319,319,40.762518799999995,-73.9814528
321,321,40.7648734,-73.9811854
322,322,40.7646554,-73.98092209999999
323,323,40.7634378,-73.9805417
324,324,40.76439389999999,-73.98061129999998
327,327,40.7675055,-73.98318859999998
328,328,40.7275586,-74.0057218
329,329,40.7270293,-74.00610759999998
330,330,40.7254695,-74.0053343
331,331,40.726411600000006,-74.00887359999999
332,332,40.7286023,-74.00531840000001
333,333,40.724677,-74.00971
334,334,40.724983200000004,-74.00829940000001
335,335,40.729905200000005,-74.0071844
336,336,40.72674310000001,-74.00525189999998
337,337,40.7271799,-74.00775209999998
338,338,40.7287182,-74.0029887
339,339,40.725304,-74.005522
340,340,40.7245468,-74.0082568
341,341,40.724411700000005,-74.0078522
342,342,40.7272118,-74.0080478
343,343,40.72683569999999,-74.006456
344,344,40.7262757,-74.0060002
345,345,40.725544799999994,-74.00897059999998
346,346,40.72543259999999,-74.0055182
347,347,40.7248778,-74.00619240000002
353,353,40.7543509,-73.99414569999998
356,356,40.754775,-73.991067
357,357,40.7536704,-73.9946686
358,358,40.75157479999999,-73.99135890000001
359,359,40.74992460000001,-73.9955913
360,360,40.75424879999999,-73.9930755
361,361,40.748225700000006,-73.99119999999998
362,362,40.75144379999999,-73.98908420000001
363,363,40.7543486,-73.993907
364,364,40.75067310000001,-73.9971781
365,365,40.752264399999994,-73.99891819999998
366,366,40.7511649,-73.99246540000001
367,367,40.755477899999995,-73.99217589999998
368,368,40.796801,-73.93657900000001
369,369,40.7981638,-73.93428949999998
370,370,40.797483,-73.9388927
371,371,40.798146,-73.937804
372,372,40.7979813,-73.9394772
373,373,40.797492600000005,-73.93455990000001
374,374,40.798087,-73.936622
375,375,40.7948503,-73.9322196
377,377,40.7996956,-73.93961709999998
378,378,40.7996516,-73.93972609999999
379,379,40.7095206,-74.01448620000002
381,381,40.7091963,-74.01359570000002
385,385,40.70823300000001,-74.0143865
386,386,40.708029999999994,-74.01486899999998
389,389,40.7084385,-74.0136868
390,390,40.708270500000005,-74.01408909999998
391,391,40.708225899999995,-74.01418509999998
392,392,40.708293299999994,-74.01371639999998
393,393,40.709512,-74.01448909999998
394,394,40.70979680000001,-74.01388779999998
395,395,40.7097179,-74.0120656
396,396,40.708268,-74.01408359999998
397,397,40.709722,-74.01138900000001
398,398,40.7080156,-74.0132392
399,399,40.718063,-73.94847299999998
402,402,40.71644419999999,-73.9487936
403,403,40.71312929999999,-73.9396332
404,404,40.783005200000005,-73.9736309
405,405,40.7833689,-73.97524
406,406,40.784770200000004,-73.9730465
407,407,40.78643400000001,-73.971284
408,408,40.7836341,-73.9767816
409,409,40.78518800000001,-73.97059399999998
410,410,40.783060299999995,-73.9712488
411,411,40.7833417,-73.97526640000001
412,412,40.7870715,-73.96998409999998
423,423,40.7850803,-73.96982209999999
424,424,40.73250000000001,-73.99869199999998
426,426,40.729899700000004,-73.9993408
428,428,40.7290657,-73.9993703
429,429,40.728438700000005,-73.9996714
430,430,40.7341334,-74.0031468
432,432,40.7285176,-74.00025450000001
433,433,40.732307,-74.00168099999998
434,434,40.7288479,-74.00001300000002
435,435,40.7337844,-74.0022238
437,437,40.73407599999999,-74.00048199999998
439,439,40.7297962,-73.9977487
440,440,40.733953299999996,-74.00143620000001
441,441,40.726470299999995,-74.00178570000001
442,442,40.7347346,-74.0032032
443,443,40.691229,-73.984098
444,444,40.691435,-73.98453099999998
445,445,40.6914393,-73.9845845
446,446,40.6889049,-73.9886787
447,447,40.6920693,-73.98651720000001
448,448,40.69267139999999,-73.9860434
449,449,40.6889121,-73.9887719
450,450,40.687355700000005,-73.9825546
451,451,40.68698029999999,-73.9824378
452,452,40.687492999999996,-73.98184040000001
453,453,40.68939,-73.98808389999998
454,454,40.6905106,-73.98083659999999
455,455,40.6881226,-73.98738759999998
456,456,40.68409399999999,-73.985291
457,457,40.6873886,-73.98252459999998
458,458,40.6873592,-73.9824046
459,459,40.691497,-73.9845819
460,460,40.6907928,-73.9802022
461,461,40.76948609999999,-73.9592715
462,462,40.766521000000004,-73.957515
463,463,40.76909929999999,-73.95473489999998
464,464,40.771797899999996,-73.9564195
465,465,40.7657294,-73.95423740000001
466,466,40.765707899999995,-73.954174
467,467,40.76790379999999,-73.95672739999998
468,468,40.7656645,-73.9572014
469,469,40.768452,-73.954075
470,470,40.7686363,-73.95364690000001
471,471,40.7554202,-73.98237759999998
472,472,40.753786600000005,-73.9860387
473,473,40.7564251,-73.98555340000001
474,474,40.756518299999996,-73.9846017
475,475,40.75643159999999,-73.98428679999998
476,476,40.756567100000005,-73.98876790000001
477,477,40.7570526,-73.98475140000001
478,478,40.75283950000001,-73.98580319999998
479,479,40.756784999999994,-73.984179
480,480,40.7571907,-73.9844262
481,481,40.75229269999999,-73.98554890000001
482,482,40.7522071,-73.9853713
483,483,40.7574442,-73.98383059999998
484,484,40.7528687,-73.9837196
485,485,40.75762400000001,-73.989125
486,486,40.75723670000001,-73.9832555
488,488,40.75582670000001,-73.982158
489,489,40.7559269,-73.9821237
490,490,40.7578857,-73.98375920000001
494,494,40.724888899999996,-73.9985375
495,495,40.724006700000004,-74.00307009999999
496,496,40.72410259999999,-74.0006429
502,502,40.7253549,-74.00158549999998
507,507,40.72561029999999,-73.9986866
508,508,40.723567100000004,-74.002178
509,509,40.7238748,-74.00524659999998
510,510,40.7232239,-74.001132
515,515,40.7382967,-74.00941279999998
516,516,40.739475799999994,-74.0011679
517,517,40.73986900000001,-74.00203499999998
518,518,40.73608960000001,-74.0033969
519,519,40.739548799999994,-73.999651
522,522,40.737887799999996,-74.004182
523,523,40.740708100000006,-74.0016311
525,525,40.7375027,-73.9998104
527,527,40.736791499999995,-74.0018715
528,528,40.7353651,-74.00202190000002
529,529,40.73829799999999,-74.00059300000001
530,530,40.7391972,-74.0005558
533,533,40.744637,-73.9993733
534,534,40.7455256,-73.9937621
535,535,40.74487799999999,-73.999983
536,536,40.744914,-73.9942557
537,537,40.74537100000001,-73.99225
540,540,40.743977799999996,-73.99609199999998
541,541,40.7444838,-73.9969366
543,543,40.74324530000001,-73.99904599999998
544,544,40.745590500000006,-73.9999212
546,546,40.7432453,-73.99904609999999
547,547,40.746319699999994,-73.99363149999998
548,548,40.7464135,-74.0028238
549,549,40.7441081,-73.9964179
550,550,40.744376700000004,-73.998623
552,552,40.7798178,-73.95450989999998
553,553,40.7801646,-73.94602809999998
554,554,40.7810466,-73.95423620000001
555,555,40.78047840000001,-73.9535628
558,558,40.7801179,-73.95300689999998
559,559,40.7782011,-73.94708409999998
561,561,40.78053449999999,-73.95439619999998
562,562,40.777879999999996,-73.95326700000001
563,563,40.781395200000006,-73.9517514
564,564,40.779098899999994,-73.9472898
565,565,40.77897499999999,-73.95225570000001
566,566,40.777738899999996,-73.94637409999999
567,567,40.743648799999995,-73.99303470000001
568,568,40.7432901,-73.9910053
569,569,40.7387701,-73.99449109999999
571,571,40.743193299999994,-73.99011829999998
574,574,40.7440223,-73.98933609999999
578,578,40.7418641,-73.9948848
579,579,40.741330700000006,-73.9936525
580,580,40.744182099999996,-73.9918575
581,581,40.74002669999999,-73.99131299999998
582,582,40.743000099999996,-73.99071590000001
584,584,40.7437839,-73.9893618
585,585,40.7408053,-73.9931114
587,587,40.7466796,-73.9846108
590,590,40.74908599999999,-73.9837068
591,591,40.74653000000001,-73.98673000000001
593,593,40.7456763,-73.98427009999999
594,594,40.7460119,-73.9833014
600,600,40.744479999999996,-73.98463000000001
601,601,40.75117799999999,-73.984571
602,602,40.749992,-73.98095040000001
603,603,40.744087,-73.98313
604,604,40.7449631,-73.98854930000002
606,606,40.74457,-73.98181340000001
608,608,40.7365757,-73.9885814
609,609,40.73618,-73.9966
610,610,40.73593189999999,-73.9870191
611,611,40.735964,-73.98706800000001
613,613,40.734646000000005,-73.98807270000002
617,617,40.735183899999996,-73.99240999999998
618,618,40.737191300000006,-73.9957459
619,619,40.736880799999994,-73.9890152
620,620,40.7364412,-73.9874068
621,621,40.736988000000004,-73.99752629999999
622,622,40.73851989999999,-73.9872345
623,623,40.7404649,-73.9916803
624,624,40.7393028,-73.99095960000002
625,625,40.734996200000005,-73.9877199
626,626,40.7342567,-73.99374830000001
631,631,40.71553490000001,-74.0041525
643,643,40.71342479999999,-74.00552449999998
644,644,40.71140129999999,-74.00678429999998
645,645,40.710376600000004,-74.00670079999998
646,646,40.71079040000001,-74.00775329999998
649,649,40.7787075,-73.9782853
650,650,40.7773455,-73.9779983
651,651,40.7799276,-73.9791347
652,652,40.783047999999994,-73.97543859999998
653,653,40.719910600000006,-73.98317109999998
654,654,40.7245786,-73.9832555
655,655,40.72498999999999,-73.983164
656,656,40.7213369,-73.98435740000001
659,659,40.723304399999996,-73.9773908
660,660,40.724591700000005,-73.98334729999998
661,661,40.7199799,-73.9830948
681,681,40.7395408,-73.9996223
684,684,40.7643828,-73.96312590000001
685,685,40.7649526,-73.9633824
686,686,40.76367020000001,-73.9586087
687,687,40.765673,-73.95409839999998
689,689,40.763464299999995,-73.9600066
690,690,40.76210899999999,-73.95793640000001
692,692,40.765578999999995,-73.954154
694,694,40.7607842,-73.9577927
696,696,40.7624849,-73.9593726
697,697,40.7621073,-73.958225
699,699,40.761965999999994,-73.961303
700,700,40.7632688,-73.96300240000001
701,701,40.7660166,-73.9524453
702,702,40.6935125,-73.9542505
703,703,40.694325899999995,-73.94963
704,704,40.6902865,-73.95175649999999
705,705,40.696931,-73.95687389999998
708,708,40.725727299999996,-73.95147879999998
709,709,40.7184008,-73.9520888
710,710,40.7257773,-73.95119709999999
711,711,40.75990649999999,-73.9732006
712,712,40.75938060000001,-73.97491769999998
713,713,40.7613727,-73.97448929999999
714,714,40.75801999999999,-73.97497750000001
715,715,40.761647499999995,-73.97544189999998
716,716,40.75978800000001,-73.977671
717,717,40.760613000000006,-73.970449
718,718,40.756685499999996,-73.9730783
720,720,40.756891100000004,-73.97186690000001
721,721,40.7628579,-73.9753905
722,722,40.7625104,-73.9763684
723,723,40.7566117,-73.9719047
724,724,40.760862100000004,-73.9695083
725,725,40.7591675,-73.9692582
726,726,40.7604787,-73.9691078
727,727,40.7574548,-73.96992409999999
728,728,40.75607910000001,-73.9723032
729,729,40.756252,-73.9714386
730,730,40.75602620000001,-73.971437
731,731,40.739512,-73.9822415
732,732,40.7360524,-73.98009870000001
733,733,40.7363995,-73.98085440000001
734,734,40.7386735,-73.98109749999998
735,735,40.739055900000004,-73.9803151
736,736,40.739866000000006,-73.97737599999998
749,749,40.7382985,-74.002554
750,750,40.7349,-74.00462999999998
751,751,40.7344097,-74.0052007
753,753,40.7382367,-74.00937409999999
757,757,40.75796269999999,-73.96457729999999
758,758,40.7601734,-73.95825719999998
759,759,40.760184,-73.965885
760,760,40.7581732,-73.9621959
762,762,40.75841819999999,-73.9626074
764,764,40.7618152,-73.96570439999998
765,765,40.760065399999995,-73.9654748
767,767,40.76116589999999,-73.96346159999999
770,770,40.7591631,-73.96318640000001
771,771,40.760275699999994,-73.96095190000001
772,772,40.76097610000001,-73.9656828
773,773,40.7585624,-73.96406280000001
774,774,40.760529,-73.966084
775,775,40.75837189999999,-73.96474649999998
778,778,40.758573,-73.989548
782,782,40.7583093,-73.99477979999999
783,783,40.7602963,-73.99596269999999
784,784,40.756685600000004,-73.9928436
786,786,40.75651690000001,-73.992783
787,787,40.756397899999996,-73.9923556
788,788,40.756404499999995,-73.9925015
789,789,40.75636779999999,-73.9930835
791,791,40.756273,-73.992829
792,792,40.756279000000006,-73.992947
793,793,40.755841,-73.991784
819,819,40.760755100000004,-73.971785
820,820,40.712227,-73.955955
824,824,40.71086,-73.96216
860,860,40.73736819999999,-74.0001966
861,861,40.73688179999999,-73.998521
862,862,40.6781651,-73.9622353
863,863,40.683859600000005,-73.96571920000001
864,864,40.6835598,-73.9664136
865,865,40.679182,-73.964517
866,866,40.6832526,-73.966448
867,867,40.685806299999996,-73.96442840000002
872,872,40.725643,-73.99044099999998
882,882,40.723562799999996,-73.9875253
883,883,40.7252023,-73.9884429
887,887,40.72553,-73.98720999999998
888,888,40.66791920000001,-73.9875402
889,889,40.67239569999999,-73.9829749
890,890,40.666825,-73.987212
891,891,40.665627,-73.9861406
892,892,40.668265000000005,-73.97798399999998
900,900,40.7081111,-74.0013903
906,906,40.708057600000004,-74.0014377
907,907,40.707461200000004,-74.00459940000002
909,909,40.6934677,-73.9877594
916,916,40.69251249999999,-73.99232310000002
917,917,40.6935888,-73.99081140000001
920,920,40.693681299999994,-73.98865529999998
921,921,40.69319489999999,-73.9942743
923,923,40.68823640000001,-73.99111789999998
928,928,40.71825640000001,-74.002682
935,935,40.71814129999999,-74.00252440000001
936,936,40.716824700000004,-74.0036035
938,938,40.7141903,-74.008183
939,939,40.7166503,-74.0042678
940,940,40.7154994,-74.0088983
941,941,40.71559570000001,-74.00928309999998
942,942,40.7128547,-74.0091891
943,943,40.7127375,-74.00918309999999
944,944,40.775342200000004,-73.9633283
945,945,40.774415999999995,-73.96315589999998
946,946,40.7742972,-73.96299309999998
947,947,40.7773054,-73.96140059999998
948,948,40.779461,-73.9566602
949,949,40.77731379999999,-73.96086209999999
950,950,40.77898829999999,-73.9609562
951,951,40.77800519999999,-73.95950429999998
952,952,40.775281899999996,-73.96338359999999
953,953,40.72068839999999,-74.0043699
954,954,40.722739000000004,-74.00469079999998
955,955,40.7198923,-74.00008290000001
956,956,40.7208352,-74.0055686
957,957,40.719404,-74.004902
958,958,40.719821,-73.998933
959,959,40.7230126,-73.997417
962,962,40.722146,-74.004627
964,964,40.72130420000001,-73.99939570000001
967,967,40.72233320000001,-73.999003
968,968,40.7213699,-73.9983373
971,971,40.72127179999999,-73.99931980000002
972,972,40.71914140000001,-74.001787
973,973,40.7311044,-73.958927
974,974,40.730775,-73.953339
975,975,40.731551,-73.95267199999998
976,976,40.7296981,-73.949938
977,977,40.733044899999996,-73.95782849999998
993,993,40.7323398,-73.9853333
998,998,40.7682395,-73.98491469999998
1000,1000,40.768900099999996,-73.9830568
1001,1001,40.7645779,-73.98853170000001
1002,1002,40.7644653,-73.98768919999998
1003,1003,40.76416809999999,-73.9891322
1004,1004,40.765890399999996,-73.98515789999998
1005,1005,40.767712599999996,-73.98364720000001
1006,1006,40.766683,-73.98934899999998
1007,1007,40.7691749,-73.9855688
1008,1008,40.76437120000001,-73.9877005
1009,1009,40.764321100000004,-73.9875598
1010,1010,40.7648616,-73.9868137
1011,1011,40.76593949999999,-73.98671689999998
1012,1012,40.767465,-73.98402709999998
1015,1015,40.76826810000001,-73.9874141
1016,1016,40.7667454,-73.9882599
1017,1017,40.770233399999995,-73.9897563
1024,1024,40.72292100000001,-73.989362
1025,1025,40.723136200000006,-73.9902341
1027,1027,40.7254116,-73.99190089999998
1030,1030,40.723393,-73.99190999999998
1034,1034,40.72356389999999,-73.9879485
1037,1037,40.72333950000001,-73.9924838
1042,1042,40.74450660000001,-73.9890815
1051,1051,40.743903700000004,-73.9870421
1054,1054,40.7435367,-73.98622879999998
1072,1072,40.723339700000004,-73.99452679999999
1073,1073,40.7217809,-73.99553509999998
1078,1078,40.742791600000004,-73.98306409999998
1079,1079,40.7438813,-73.9812066
1082,1082,40.7421174,-73.984741
1090,1090,40.7438423,-73.98312750000001
1091,1091,40.740160700000004,-73.9826293
1092,1092,40.7460314,-73.9834391
1093,1093,40.739315000000005,-73.983173
1094,1094,40.74071779999999,-73.9817567
1095,1095,40.746863899999994,-73.9822994
1096,1096,40.7450773,-73.9810074
1097,1097,40.745266,-73.981636
1101,1101,40.764568,-73.995995
1106,1106,40.759144,-73.995603
1108,1108,40.76009260000001,-73.9960826
1109,1109,40.76587429999999,-73.99464379999999
1112,1112,40.761512399999994,-73.9978323
1113,1113,40.7616136,-73.99032179999998
1115,1115,40.7616503,-73.99096870000001
1116,1116,40.7619194,-73.99041779999999
1117,1117,40.7619215,-73.98965129999998
1118,1118,40.7079669,-73.9560271
1119,1119,40.708049,-73.95611199999998
1122,1122,40.7080494,-73.95611219999998
1123,1123,40.706339,-73.95894299999998
1125,1125,40.708237100000005,-73.95661190000001
1139,1139,40.7585862,-73.98582019999998
1142,1142,40.7589917,-73.98452979999998
1145,1145,40.759659000000006,-73.9861108
1149,1149,40.71982200000001,-74.00986069999998
1155,1155,40.72177,-74.00947
1156,1156,40.7236225,-74.00880409999998
1161,1161,40.7212203,-74.00617799999998
1164,1164,40.721379600000006,-74.00561479999999
1167,1167,40.7326143,-73.9967972
1191,1191,40.7166948,-73.99808259999999
1192,1192,40.71655,-73.99820140000001
1195,1195,40.719006799999995,-73.9977405
1198,1198,40.7187086,-74.00051020000001
1218,1218,40.67663299999999,-73.963212
1222,1222,40.774819799999996,-73.9475118
1223,1223,40.7723445,-73.94832240000001
1224,1224,40.7746002,-73.9466133
1225,1225,40.7723985,-73.94822059999998
1228,1228,40.775309,-73.950265
1232,1232,40.7784889,-73.98827229999998
1233,1233,40.779939399999996,-73.986452
1241,1241,40.77314959999999,-73.95919549999998
1242,1242,40.7747115,-73.95247009999999
1243,1243,40.77576820000001,-73.95368859999998
1246,1246,40.7723593,-73.95432439999998
1249,1249,40.7765429,-73.954013
1250,1250,40.7731797,-73.9573382
1251,1251,40.774806,-73.953558
1267,1267,40.724521700000004,-73.9971564
1270,1270,40.72398319999999,-73.996478
1271,1271,40.7246816,-73.99708670000003
1273,1273,40.72402219999999,-73.99648859999998
1279,1279,40.7443603,-73.9764946
1280,1280,40.74300900000001,-73.9806384
1281,1281,40.74406159999999,-73.9824036
1282,1282,40.743638700000005,-73.9728064
1283,1283,40.743992999999996,-73.977406
1284,1284,40.744376,-73.97653000000001
1286,1286,40.746061299999994,-73.97683459999999
1287,1287,40.74408439999999,-73.9824572
1288,1288,40.745329999999996,-73.9798579
1289,1289,40.743156400000004,-73.980317
1290,1290,40.742598,-73.98276800000001
1291,1291,40.747355299999995,-73.97659469999998
1292,1292,40.7417466,-73.97707209999999
1293,1293,40.7413995,-73.9744151
1297,1297,40.733127999999994,-73.958823
1304,1304,40.7182709,-73.9862002
1318,1318,40.6973131,-73.938198
1319,1319,40.7007561,-73.9392613
1320,1320,40.698392999999996,-73.93634
1321,1321,40.698935,-73.93976889999998
1322,1322,40.7619109,-74.0000372
1324,1324,40.7607277,-73.99866429999999
1325,1325,40.7618521,-73.99923050000001
1326,1326,40.761163700000004,-73.9977405
1327,1327,40.761074900000004,-73.9984175
1328,1328,40.761216499999996,-73.99772359999999
1329,1329,40.7617008,-73.99962280000003
1330,1330,40.7581305,-74.0020797
1331,1331,40.7605599,-73.99905249999998
1332,1332,40.762120200000005,-73.9973948
1339,1339,40.7046417,-74.0103215
1347,1347,40.7065668,-74.0090422
1351,1351,40.7060081,-74.00881509999998
1359,1359,40.756126200000004,-73.9709178
1360,1360,40.7557876,-73.97204079999999
1362,1362,40.75557569999999,-73.972788
1363,1363,40.7553115,-73.9729558
1364,1364,40.7555218,-73.97364350000001
1366,1366,40.754799299999995,-73.9732185
1367,1367,40.755772799999995,-73.9691
1368,1368,40.75469440000001,-73.97344840000001
1372,1372,40.75480349999999,-73.9728141
1393,1393,40.7218344,-73.9873537
1394,1394,40.721802000000004,-73.98791899999998
1395,1395,40.7221165,-73.9886525
1397,1397,40.721175200000005,-73.9889956
1400,1400,40.721856700000004,-73.98720390000001
1401,1401,40.681526500000004,-73.99514959999998
1402,1402,40.68657899999999,-73.9935
1403,1403,40.68518040000001,-73.99752190000002
1404,1404,40.7929325,-73.9443314
1405,1405,40.79870349999999,-73.94332170000001
1406,1406,40.734970000000004,-73.98454699999998
1407,1407,40.7330969,-73.98634200000001
1412,1412,40.733813700000006,-73.98572899999998
1414,1414,40.733197,-73.98625799999998
1422,1422,40.79309200000001,-73.939751
1423,1423,40.792105,-73.940578
1424,1424,40.78877500000001,-73.941512
1443,1443,40.735163899999996,-73.9923293
1450,1450,40.7038644,-74.0123679
1452,1452,40.7030903,-74.0123016
1456,1456,40.7049047,-74.00743229999998
1457,1457,40.70557869999999,-74.00837790000001
1464,1464,40.70296079999999,-74.01228090000001
1477,1477,40.679225,-73.98316200000002
1478,1478,40.6805276,-73.9833963
1479,1479,40.67816079999999,-73.984431
1480,1480,40.677839199999994,-73.98557079999998
1481,1481,40.68138709999999,-73.98442879999999
1482,1482,40.6778327,-73.9834946
1484,1484,40.67505,-73.980525
1485,1485,40.68144729999999,-73.98460809999999
1486,1486,40.6772021,-73.98520620000001
1487,1487,40.6820905,-73.98474159999998
1500,1500,40.72090790000001,-73.98992259999999
1506,1506,40.71946490000001,-73.9899453
1507,1507,40.720319700000005,-73.99018570000001
1508,1508,40.697445200000004,-73.9589089
1509,1509,40.698268,-73.956177
1510,1510,40.6914766,-73.959448
1512,1512,40.6936605,-73.96126240000001
1515,1515,40.7152253,-73.9994048
1522,1522,40.716217500000006,-73.9983603
1525,1525,40.716454999999996,-73.997385
1526,1526,40.71707010000001,-73.9978055
1530,1530,40.7180214,-74.00039179999999
1533,1533,40.715807299999994,-73.9965567
1534,1534,40.716824,-74.001437
1540,1540,40.71910689999999,-74.0090266
1547,1547,40.7058149,-74.01394590000001
1548,1548,40.70623009999999,-74.0157777
1549,1549,40.7061713,-74.0156444
1553,1553,40.700992799999995,-74.0118397
1554,1554,40.704602,-74.008927
1556,1556,40.7047012,-74.00751699999998
1564,1564,40.756369899999996,-73.996866
1567,1567,40.762756599999996,-73.9969327
1568,1568,40.7582901,-73.9948941
1571,1571,40.759612100000005,-73.99686820000001
1572,1572,40.757464899999995,-73.9986005
1573,1573,40.76278600000001,-73.994449
1574,1574,40.7603075,-73.9949797
1575,1575,40.7602073,-73.99331020000001
1576,1576,40.7633731,-73.9945346
1597,1597,40.809099700000004,-73.9515048
1598,1598,40.8081829,-73.9509644
1599,1599,40.8092154,-73.9543735
1600,1600,40.813481,-73.951725
1601,1601,40.8119893,-73.95087869999998
1602,1602,40.8129022,-73.9529045
1603,1603,40.809456,-73.95096699999998
1604,1604,40.8084934,-73.950847
1605,1605,40.812442499999996,-73.9562708
1606,1606,40.80723,-73.95059739999998
1607,1607,40.7889031,-73.9751046
1611,1611,40.788938200000004,-73.9695663
1613,1613,40.78864100000001,-73.974811
1614,1614,40.79160299999999,-73.973083
1615,1615,40.7890153,-73.97446
1617,1617,40.78887020000001,-73.97509040000001
1618,1618,40.7907511,-73.9739349
1619,1619,40.78644250000001,-73.9746925
1620,1620,40.7868367,-73.97594670000002
1621,1621,40.7870106,-73.9753676
1622,1622,40.79090899999999,-73.966325
1623,1623,40.78748589999999,-73.97613640000002
1624,1624,40.7867916,-73.9760313
1651,1651,40.695665999999996,-73.98376549999998
1654,1654,40.6964453,-73.9843605
1659,1659,40.672794,-73.965406
1660,1660,40.67608560000001,-73.9593562
1661,1661,40.677636,-73.961219
1662,1662,40.668732,-73.9929883
1663,1663,40.6724867,-73.99178359999998
1664,1664,40.669434100000004,-73.995817
1665,1665,40.6733296,-73.9890848
1666,1666,40.668767700000004,-73.9929528
1667,1667,40.668746,-73.992931
1688,1688,40.7128968,-73.9672506
1689,1689,40.682930000000006,-73.954898
1690,1690,40.6854157,-73.94949489999998
1691,1691,40.686527399999996,-73.95295709999998
1692,1692,40.686239,-73.9523059
1693,1693,40.6811954,-73.9546615
1694,1694,40.681348,-73.9510647
1695,1695,40.795057899999996,-73.96756690000001
1696,1696,40.7950421,-73.96770240000001
1697,1697,40.7951249,-73.96548680000002
1699,1699,40.795026,-73.967727
1700,1700,40.7940925,-73.9688152
1701,1701,40.793082,-73.969533
1703,1703,40.794313,-73.96595700000002
1704,1704,40.79434929999999,-73.9675051
1705,1705,40.795113,-73.963719
1707,1707,40.75573499999999,-73.99154200000001
1748,1748,40.68694620000001,-73.9658262
1750,1750,40.6861938,-73.97122390000001
1753,1753,40.7257497,-73.94505010000002
1755,1755,40.7724074,-73.94914190000001
1760,1760,40.773717100000006,-73.95125139999998
1761,1761,40.7713185,-73.949713
1762,1762,40.773714,-73.95129290000001
1763,1763,40.769443,-73.950875
1765,1765,40.77185,-73.948813
1786,1786,40.76405719999999,-73.91577420000002
1787,1787,40.7602425,-73.91272
1788,1788,40.68156199999999,-74.00622299999998
1789,1789,40.679998499999996,-74.00596689999998
1795,1795,40.7068847,-73.95323739999998
1809,1809,40.7643502,-73.97799609999998
1811,1811,40.7647021,-73.9773752
1813,1813,40.7642505,-73.9785605
1814,1814,40.764571999999994,-73.97847800000001
1815,1815,40.7624756,-73.978172
1816,1816,40.766277,-73.9785723
1818,1818,40.7649803,-73.97833270000001
1841,1841,40.7634329,-73.99270250000001
1842,1842,40.76409580000001,-73.9947387
1846,1846,40.72802309999999,-73.94405239999998
1847,1847,40.72648600000001,-73.9411219
1849,1849,40.75035080000001,-73.9738897
1850,1850,40.749306,-73.97630500000001
1851,1851,40.7496467,-73.97628780000001
1852,1852,40.749309999999994,-73.97664
1853,1853,40.7509308,-73.97223609999999
1854,1854,40.748419299999995,-73.97793979999999
1855,1855,40.74945939999999,-73.9778147
1856,1856,40.7504263,-73.96913669999998
1857,1857,40.74973900000001,-73.978173
1858,1858,40.7479919,-73.9783865
1859,1859,40.75123789999999,-73.9731694
1860,1860,40.7513786,-73.97075989999998
1861,1861,40.7481355,-73.97494499999998
1862,1862,40.74940100000001,-73.978433
1863,1863,40.7513467,-73.9714666
1864,1864,40.7475763,-73.97320049999998
1866,1866,40.7489148,-73.97788709999998
1867,1867,40.751502,-73.97052559999999
1868,1868,40.75124749999999,-73.97661640000001
1904,1904,40.74766959999999,-73.9821995
1905,1905,40.7457225,-73.9882604
1906,1906,40.74738139999999,-73.9862974
1909,1909,40.694043,-73.96728399999998
1910,1910,40.69589029999999,-73.97241040000002
1911,1911,40.6919061,-73.9708929
1912,1912,40.694563,-73.97287879999999
1913,1913,40.69716640000001,-73.9709022
1914,1914,40.68982289999999,-73.972408
1920,1920,40.740934,-73.98334190000001
1922,1922,40.73949619999999,-73.982669
1926,1926,40.736971000000004,-73.9845136
1928,1928,40.74084930000001,-73.983508
1932,1932,40.74066169999999,-73.9848743
1933,1933,40.739403100000004,-73.98412440000001
1951,1951,40.725008200000005,-74.0006521
1953,1953,40.70075629999999,-73.94053050000001
1983,1983,40.695823,-73.97474
2044,2044,40.725159000000005,-73.98836299999998
2045,2045,40.772436,-73.9192
2046,2046,40.7689679,-73.91770129999998
2047,2047,40.772726,-73.918347
2048,2048,40.752010999999996,-73.93448000000001
2049,2049,40.754399400000004,-73.9356128
2050,2050,40.7533818,-73.93391020000001
2051,2051,40.75521789999999,-73.93666850000001
2052,2052,40.74995150000001,-73.9374943
2053,2053,40.75144299999999,-73.93510700000002
2054,2054,40.7533245,-73.93499609999998
2055,2055,40.753018299999994,-73.9340938
2056,2056,40.750063,-73.937074
2057,2057,40.7531975,-73.9343614
2058,2058,40.75052489999999,-73.93689599999998
2059,2059,40.7546807,-73.9357332
2060,2060,40.753563,-73.94112299999998
2061,2061,40.75370539999999,-73.9345355
2062,2062,40.754169,-73.93467300000002
2063,2063,40.7520175,-73.93447990000001
2064,2064,40.75139739999999,-73.93520059999999
2065,2065,40.752624600000004,-73.9387172
2066,2066,40.75304510000001,-73.93409919999998
2067,2067,40.75273490000001,-73.93896720000001
2083,2083,40.75606200000001,-73.932023
2085,2085,40.7531097,-73.93385570000001
2087,2087,40.7502177,-73.93688440000001
2089,2089,40.7385229,-73.98563320000001
2101,2101,40.73863679999999,-73.98573470000001
2103,2103,40.738553100000004,-73.985895
2106,2106,40.7403714,-73.98741369999998
2107,2107,40.74335019999999,-73.98413470000001
2109,2109,40.77045,-73.953777
2117,2117,40.76762799999999,-73.95277
2122,2122,40.77037569999999,-73.9537734
2125,2125,40.753283,-73.97105549999998
2129,2129,40.75664319999999,-73.9694291
2130,2130,40.753313,-73.966161
2131,2131,40.7575339,-73.9655896
2132,2132,40.7554239,-73.97056789999998
2133,2133,40.75570020000001,-73.963523
2134,2134,40.7575174,-73.96566990000001
2135,2135,40.75569790000001,-73.96915959999998
2136,2136,40.75333829999999,-73.96731989999998
2137,2137,40.754896200000005,-73.9689865
2138,2138,40.754534,-73.96711499999998
2139,2139,40.753023000000006,-73.96472490000001
2140,2140,40.757441299999996,-73.9649405
2141,2141,40.75432429999999,-73.9727333
2142,2142,40.757633,-73.96786
2166,2166,40.695873,-73.995954
2168,2168,40.69112020000001,-73.99677790000001
2169,2169,40.6917046,-73.99772899999998
2211,2211,40.673260299999995,-73.9870895
2219,2219,40.74591789999999,-73.9571873
2220,2220,40.7459307,-73.95081510000001
2221,2221,40.7401669,-73.9489715
2225,2225,40.689299299999995,-73.9776425
2226,2226,40.6865273,-73.9766382
2233,2233,40.7982008,-73.9413114
2234,2234,40.798635299999994,-73.94162800000001
2238,2238,40.791353,-73.94652549999998
2271,2271,40.71471299999999,-73.99310720000001
2275,2275,40.712825,-73.99051299999998
2276,2276,40.7179141,-73.9953772
2278,2278,40.7170107,-73.9951885
2280,2280,40.715267100000005,-73.9938657
2300,2300,40.75117799999999,-73.984639
2357,2357,40.7923787,-73.9730395
2389,2389,40.773515,-73.978841
2458,2458,40.6772048,-73.93160499999998
2459,2459,40.682505,-73.932676
2460,2460,40.683352899999996,-73.927757
2461,2461,40.7934789,-73.97212320000001
2462,2462,40.793358700000006,-73.97221630000001
2463,2463,40.795548,-73.97224299999998
2465,2465,40.79418709999999,-73.97483059999998
2466,2466,40.7965764,-73.97086139999998
2469,2469,40.7945395,-73.9750827
2470,2470,40.793579799999996,-73.9710422
2475,2475,40.7941273,-73.97508669999998
2476,2476,40.7955836,-73.9722488
2477,2477,40.793194899999996,-73.9713493
2478,2478,40.793712400000004,-73.9732282
2483,2483,40.704357200000004,-73.9376704
2484,2484,40.7096234,-73.9398681
2485,2485,40.705499999999994,-73.937141
2486,2486,40.7058267,-73.93695500000001
2487,2487,40.7055211,-73.93726
2488,2488,40.705419,-73.9358788
2489,2489,40.782303000000006,-73.98063499999998
2490,2490,40.7834766,-73.97838859999999
2491,2491,40.7825375,-73.981346
2494,2494,40.7806869,-73.98103569999998
2499,2499,40.783640999999996,-73.97761949999999
2500,2500,40.784003000000006,-73.97876740000001
2502,2502,40.780767100000006,-73.9824335
2508,2508,40.78257010000001,-73.9813958
2519,2519,40.71807829999999,-73.99077539999998
2522,2522,40.7168652,-73.9928511
2526,2526,40.71690220000001,-73.9852307
2527,2527,40.716626899999994,-73.9948739
2529,2529,40.798094,-73.960939
2530,2530,40.79668499999999,-73.9625822
2533,2533,40.796676500000004,-73.96256329999999
2539,2539,40.7972398,-73.96080649999998
2576,2576,40.7565546,-73.9943253
2579,2579,40.7584285,-73.9900011
2582,2582,40.7123899,-73.93814429999998
2641,2641,40.74115760000001,-73.9950412
2642,2642,40.7423015,-73.9932315
2644,2644,40.7429161,-73.9953532
2645,2645,40.7413271,-73.99070920000001
2648,2648,40.7429639,-73.9922766
2666,2666,40.762584000000004,-73.97981999999999
2667,2667,40.762557799999996,-73.97979670000001
2706,2706,40.74382,-73.997663
2710,2710,40.74476200000001,-73.99929
2711,2711,40.7475915,-73.9980082
2732,2732,40.7504084,-74.00341030000001
2736,2736,40.7536402,-74.00314990000001
2737,2737,40.753012899999995,-74.00373940000001
2738,2738,40.7464871,-74.0029392
2740,2740,40.746507599999994,-74.00280169999998
2741,2741,40.748535,-74.004533
2742,2742,40.7498592,-73.9971551
2743,2743,40.7463639,-74.00351309999998
2744,2744,40.75052120000001,-73.9969125
2745,2745,40.7502155,-73.99673940000001
2746,2746,40.7509217,-73.99682229999998
2747,2747,40.75368539999999,-73.9991637
2748,2748,40.7504195,-73.9966505
2763,2763,40.74804899999999,-73.99018199999999
2770,2770,40.693033899999996,-73.94429629999998
2791,2791,40.750042,-73.941414
2792,2792,40.751992,-73.947524
2793,2793,40.749595,-73.947825
2794,2794,40.749408700000004,-73.9470496
2795,2795,40.7493636,-73.9470226
2796,2796,40.748224799999996,-73.941355
2797,2797,40.7537846,-73.94946039999998
2798,2798,40.749373999999996,-73.947046
2799,2799,40.75214400000001,-73.9477272
2800,2800,40.7495348,-73.9517335
2801,2801,40.74955839999999,-73.9478302
2813,2813,40.7404969,-73.9816199
2834,2834,40.799753499999994,-73.95360229999999
2835,2835,40.79970910000001,-73.9536698
2836,2836,40.80041939999999,-73.95405099999998
2837,2837,40.8006634,-73.9560691
2838,2838,40.799159100000004,-73.95415559999998
2839,2839,40.8013808,-73.95253009999998
2840,2840,40.801829999999995,-73.9538448
2841,2841,40.80191600000001,-73.94881009999999
2842,2842,40.8029364,-73.95236870000001
2881,2881,40.766492,-73.93363289999998
2882,2882,40.7657359,-73.939784
2899,2899,40.7224486,-73.9572598
2926,2926,40.7666637,-73.93037840000001
2928,2928,40.71663319999999,-73.9508073
2935,2935,40.69276179999999,-73.9457975
2936,2936,40.6978049,-73.94773099999998
2937,2937,40.6935689,-73.94726399999998
2940,2940,40.698187,-73.94810249999998
2941,2941,40.69829499999999,-73.9483066
2942,2942,40.675761,-73.95348220000002
2943,2943,40.67806019999999,-73.9555262
2944,2944,40.670796,-73.956525
2945,2945,40.67493699999999,-73.957148
2947,2947,40.6743599,-73.9507078
2964,2964,40.798079,-73.9723423
2965,2965,40.752578899999996,-73.9713762
2966,2966,40.7526333,-73.97455450000001
2972,2972,40.752061700000006,-73.9762995
2978,2978,40.752706200000006,-73.9725136
3014,3014,40.68789,-73.94794499999998
3058,3058,40.811178399999996,-73.94417800000001
3059,3059,40.8070245,-73.9452993
3061,3061,40.80850299999999,-73.942644
3062,3062,40.809012100000004,-73.9428923
3063,3063,40.8127799,-73.944277
3064,3064,40.81415399999999,-73.943101
3066,3066,40.8072,-73.9464
3067,3067,40.8124208,-73.9424803
3068,3068,40.8086644,-73.94549070000001
3069,3069,40.810385499999995,-73.9430773
3070,3070,40.809078899999996,-73.942033
3071,3071,40.8091685,-73.94466159999999
3072,3072,40.812834,-73.94387499999998
3074,3074,40.809476000000004,-73.9403449
3076,3076,40.8145124,-73.94473219999998
3096,3096,40.7365616,-73.995614
3102,3102,40.7441012,-73.94062219999998
3105,3105,40.7482794,-73.93982390000001
3109,3109,40.748753,-73.939976
3118,3118,40.7998046,-73.94093219999998
3120,3120,40.801359999999995,-73.9446679
3136,3136,40.748711,-73.995796
3137,3137,40.7486344,-73.99577289999998
3138,3138,40.74864749999999,-73.9956509
3140,3140,40.749906,-73.9944068
3142,3142,40.751509000000006,-73.995814
3187,3187,40.720431299999994,-74.0076412
3188,3188,40.67814559999999,-73.94875689999998
3189,3189,40.678022999999996,-73.9450426
3190,3190,40.6815626,-73.94702020000001
3191,3191,40.67870829999999,-73.9506833
3192,3192,40.6787161,-73.9502064
3193,3193,40.678853000000004,-73.95124419999998
3194,3194,40.678646,-73.95120299999998
3195,3195,40.68012,-73.94191200000002
3196,3196,40.6781784,-73.94415790000001
3197,3197,40.67778589999999,-73.9487372
3198,3198,40.68150199999999,-73.94381299999998
3199,3199,40.6791735,-73.9478749
3201,3201,40.67827799999999,-73.9529179
3207,3207,40.679568599999996,-73.9562323
3214,3214,40.737773,-73.953659
3223,3223,40.809065999999994,-73.93738499999998
3233,3233,40.8072544,-73.944935
3304,3304,40.7680146,-73.99164309999998
3306,3306,40.766556200000004,-73.99042309999999
3309,3309,40.76674120000001,-73.99447590000001
3310,3310,40.76452829999999,-73.99233050000001
3311,3311,40.7678926,-73.99004509999999
3312,3312,40.76457579999999,-73.99595
3313,3313,40.7641464,-73.99496289999998
3314,3314,40.76397939999999,-73.9945429
3315,3315,40.7639495,-73.99452679999999
3331,3331,40.7363841,-73.9940623
3383,3383,40.7052307,-73.96082829999999
3407,3407,40.725628500000006,-73.99037050000003
3410,3410,40.75631449999999,-73.9822302
3419,3419,40.75718619999999,-73.9812342
3420,3420,40.75811179999999,-73.983429
3421,3421,40.7556763,-73.98187229999998
3423,3423,40.756029999999996,-73.981337
3425,3425,40.7550474,-73.98107759999998
3443,3443,40.74573030000001,-73.9834765
3445,3445,40.745790299999996,-73.983508
3448,3448,40.7451031,-73.93386140000001
3450,3450,40.74404519999999,-73.93500709999998
3465,3465,40.719099,-73.99086299999998
3466,3466,40.71860950000001,-73.9921036
3467,3467,40.721176299999996,-73.98898879999999
3483,3483,40.749582200000006,-73.97984559999998
3492,3492,40.78477,-73.955669
3499,3499,40.7844463,-73.9558382
3501,3501,40.78309120000001,-73.957702
3506,3506,40.7652204,-73.92274640000001
3517,3517,40.780466600000004,-73.98435740000001
3526,3526,40.781599799999995,-73.983508
3548,3548,40.665929999999996,-73.95388100000001
3550,3550,40.66813570000001,-73.95834599999998
3562,3562,40.760261,-73.924283
3563,3563,40.76026089999999,-73.92428249999998
3564,3564,40.7623431,-73.9261873
3566,3566,40.75755830000001,-73.93146209999998
3567,3567,40.7539349,-73.92893269999998
3569,3569,40.80437020000001,-73.95065229999999
3570,3570,40.804707,-73.9485684
3571,3571,40.80432099999999,-73.9466819
3572,3572,40.8045382,-73.94989
3574,3574,40.8042492,-73.94648699999998
3575,3575,40.80376009999999,-73.95022960000001
3576,3576,40.803592200000004,-73.9518835
3577,3577,40.804386,-73.9498959
3578,3578,40.80453389999999,-73.94905200000001
3579,3579,40.804063,-73.947165
3586,3586,40.803662,-73.94697099999998
3587,3587,40.80398599999999,-73.94698199999998
3589,3589,40.6998685,-73.9479352
3693,3693,40.707476,-74.012295
3726,3726,40.70552,-74.01744000000001
3744,3744,40.77884,-73.9810516
3748,3748,40.6883299,-73.9629851
3789,3789,40.76045879999999,-73.9706324
3923,3923,40.798560200000004,-73.96004649999998
3992,3992,40.6826223,-73.98552609999999
3995,3995,40.6899278,-73.94430990000001
4000,4000,40.774269399999994,-73.96398429999998
4006,4006,40.77225839999999,-73.96383039999998
4013,4013,40.81531629999999,-73.95699379999998
4025,4025,40.698084,-73.98777539999998
4029,4029,40.75670289999999,-73.93645749999999
4080,4080,40.7196995,-73.9648658
4128,4128,40.746788,-73.9734903
4131,4131,40.7467847,-73.97352159999998
4136,4136,40.74631979999999,-73.9759551
4137,4137,40.7463583,-73.9725287
4139,4139,40.747578000000004,-73.97319300000001
4148,4148,40.755435999999996,-73.97810799999998
4160,4160,40.6590809,-73.95864259999998
4161,4161,40.6590953,-73.9587822
4162,4162,40.6639013,-73.96064190000001
4163,4163,40.659643,-73.96223300000003
4165,4165,40.7648201,-73.92706919999998
4180,4180,40.8065607,-73.9462604
4184,4184,40.806295,-73.94704399999998
4185,4185,40.80622,-73.946686
4186,4186,40.806234,-73.94651800000001
4191,4191,40.805642399999996,-73.94598189999998
4216,4216,40.744229600000004,-73.98684140000002
4255,4255,40.7855792,-73.9817166
4268,4268,40.7835205,-73.97655689999998
4271,4271,40.7802673,-73.9810516
4280,4280,40.697804100000006,-73.99300269999998
4281,4281,40.703443299999996,-73.99094570000001
4283,4283,40.699847999999996,-73.9936695
4284,4284,40.697654299999996,-73.993152
4285,4285,40.697734999999994,-73.9937916
4304,4304,40.75598,-73.916248
4305,4305,40.7557518,-73.9213566
4306,4306,40.758158,-73.92108
4347,4347,40.7365925,-73.9841548
4348,4348,40.736593000000006,-73.984155
4357,4357,40.8047482,-73.9458056
4361,4361,40.8049828,-73.94634669999998
4435,4435,40.76110070000001,-73.96801090000001
4436,4436,40.75931849999999,-73.9668313
4438,4438,40.6829297,-73.9352818
4440,4440,40.679534999999994,-73.93831290000001
4442,4442,40.6808221,-73.9371728
4497,4497,40.70163159999999,-73.98301
4504,4504,40.66124260000001,-73.98832829999998
4616,4616,40.79010570000001,-73.94612049999998
4674,4674,40.7545893,-73.9991464
4675,4675,40.755261499999996,-73.99735030000002
4679,4679,40.7550158,-73.998475
4682,4682,40.755387400000004,-73.9972769
4683,4683,40.756447400000006,-74.0015035
4685,4685,40.7550195,-73.99842319999998
4687,4687,40.75761399999999,-73.99851
4722,4722,40.7591222,-73.9837605
4723,4723,40.75752440000001,-73.98405890000001
4725,4725,40.76767569999999,-73.90582320000001
4726,4726,40.775367300000006,-73.90961390000001
4727,4727,40.767698900000006,-73.9058993
4788,4788,40.678427000000006,-73.993652
4919,4919,40.697775899999996,-73.97726949999998
4937,4937,40.737719399999996,-73.99408740000001
4939,4939,40.73875,-73.9947411
4959,4959,40.7643658,-73.98282669999998
4961,4961,40.76440230000001,-73.98194690000001
4963,4963,40.7643586,-73.98272039999998
4965,4965,40.76459809999999,-73.9813142
4966,4966,40.76448990000001,-73.98302660000002
4978,4978,40.7731535,-73.92842850000001
4980,4980,40.7690612,-73.9815768
4995,4995,40.77019259999999,-73.98581180000001
4997,4997,40.7687435,-73.98450179999998
5022,5022,40.7614031,-73.91682420000001
5076,5076,40.785583,-73.981775
5158,5158,40.7550187,-73.93434289999998
5182,5182,40.69968799999999,-73.95321
5235,5235,40.8018685,-73.95723740000001
5236,5236,40.80467460000001,-73.95443859999999
5246,5246,40.80541059999999,-73.95297159999998
5248,5248,40.806667,-73.952174
5249,5249,40.806766100000004,-73.9532345
5277,5277,40.80067859999999,-73.95926440000001
5312,5312,40.7498972,-73.97971650000002
5319,5319,40.74776500000001,-73.982957
5331,5331,40.79856909999999,-73.960022
5354,5354,40.7685121,-73.9877661
5356,5356,40.7684736,-73.987073
5357,5357,40.7685044,-73.98642790000001
5385,5385,40.68495789999999,-73.94309
5387,5387,40.6839529,-73.94268000000001
5392,5392,40.6865092,-73.9433988
5393,5393,40.685390000000005,-73.940135
5421,5421,40.78794,-73.9816105
5475,5475,40.77785799999999,-73.915143
5476,5476,40.77907729999999,-73.9129987
5477,5477,40.7527186,-73.92756229999998
5558,5558,40.768671999999995,-73.98601099999998
5620,5620,40.671565,-73.971349
5621,5621,40.670129300000006,-73.97380859999998
5622,5622,40.672340000000005,-73.9726929
5696,5696,40.752124,-73.981083
5701,5701,40.7528333,-73.9809527
5702,5702,40.7521704,-73.97953220000001
5703,5703,40.751634499999994,-73.9790926
5816,5816,40.76552849999999,-73.9790084
5817,5817,40.766288,-73.9825184
5822,5822,40.7648089,-73.98123149999998
5826,5826,40.7668015,-73.98412689999998
5881,5881,40.77181999999999,-73.964772
5916,5916,40.68608749999999,-73.9386608
5920,5920,40.686091,-73.938659
5921,5921,40.6864,-73.93792599999998
5922,5922,40.6875618,-73.93895140000001
5934,5934,40.808153000000004,-73.958395
5940,5940,40.80692330000001,-73.95091839999998
5949,5949,40.6716128,-73.9769079
5961,5961,40.7641064,-73.96681290000001
5962,5962,40.765809600000004,-73.9692323
5963,5963,40.764593,-73.964821
5964,5964,40.7595973,-73.94113859999999
5965,5965,40.75924159999999,-73.93988540000001
5966,5966,40.75914,-73.93988
6001,6001,40.753181,-73.97451199999998
6224,6224,40.75725569999999,-73.9629056
6248,6248,40.66715749999999,-73.97555390000001
6320,6320,40.753139000000004,-73.97452799999998
6322,6322,40.75134029999999,-73.9787503
6324,6324,40.7505651,-73.98019049999998
6372,6372,40.75998800000001,-73.978235
6373,6373,40.757653499999996,-73.979282
6374,6374,40.761639200000005,-73.9753449
6375,6375,40.761902600000006,-73.97415759999998
6377,6377,40.76349099999999,-73.979764
6436,6436,40.72044400000001,-73.937764
6461,6461,40.76472500000001,-73.988411
6462,6462,40.76442770000001,-73.98726629999999
6534,6534,40.66527920000001,-73.97825639999998
6914,6914,40.673102,-73.94910899999998
6957,6957,40.71826,-74.00202
7359,7359,40.68595599999999,-73.937607
7362,7362,40.685906,-73.938035
7388,7388,40.7251584,-74.004931
7407,7407,40.7353277,-73.98847239999998
7454,7454,40.7496006,-73.951926
7490,7490,40.7528964,-73.97220490000001
7592,7592,40.656597999999995,-74.00334200000002
7593,7593,40.653453999999996,-74.0076898
7594,7594,40.655,-74.0045449
7645,7645,40.81431519999999,-73.94681209999999
7651,7651,40.814295,-73.946671
7788,7788,40.7017283,-73.99588109999998
7837,7837,40.7579337,-73.94239830000001
7858,7858,40.74467899999999,-73.94854240000001
7947,7947,40.750183299999996,-73.98375899999998
7987,7987,40.7578976,-73.96291490000002
7988,7988,40.76010589999999,-73.9582329
7989,7989,40.75948969999999,-73.96244999999998
8006,8006,40.755829,-73.94106500000001
8007,8007,40.756040999999996,-73.941357
8010,8010,40.756532899999996,-73.94202990000001
8011,8011,40.7568816,-73.9421777
8013,8013,40.75604440000001,-73.94137359999998
8016,8016,40.7564852,-73.941997
8017,8017,40.756520200000004,-73.942003
8020,8020,40.7565811,-73.9413732
8047,8047,40.7007064,-73.95400129999999
8097,8097,40.675927,-73.94212399999998
8160,8160,40.65099099999999,-74.01177799999998
8187,8187,40.70680889999999,-74.0094276
8247,8247,40.703653,-73.957972
8359,8359,40.7494191,-73.9719605
8360,8360,40.750398600000004,-73.9721622
8361,8361,40.7516375,-73.9717605
8362,8362,40.751677,-73.9719719
8363,8363,40.75183539999999,-73.9723757
8364,8364,40.752396000000005,-73.97223100000001
8396,8396,40.7532726,-73.9709927
8397,8397,40.657932200000005,-73.98196279999998
8400,8400,40.658706,-73.95901719999998
8455,8455,40.64239169999999,-74.0145227
8456,8456,40.6454669,-74.012895
