,PharmacyId,lat,lon
0,0,40.7339622,-73.9893848
1,1,40.7334636,-73.99131299999998
2,2,40.7325407,-73.9941478
4,4,40.73010919999999,-73.9902571
5,5,40.7301489,-73.9862934
6,6,40.7319787,-73.99497629999998
7,7,40.7325089,-73.99172209999998
8,8,40.72742,-73.9888568
10,10,40.734027000000005,-73.989524
11,11,40.7343216,-73.9903267
12,12,40.7297259,-73.99190990000001
13,13,40.7303261,-73.9912554
14,14,40.7307596,-73.9913105
17,17,40.7297299,-73.99199519999998
18,18,40.730568100000006,-73.9895454
19,19,40.7305926,-73.9895263
20,20,40.7302143,-73.98306559999999
21,21,40.7318376,-73.9832555
23,23,40.73191679999999,-73.98258969999998
24,24,40.7290966,-73.9780516
25,25,40.7319042,-73.9825583
26,26,40.732949700000006,-73.98089089999998
28,28,40.7319493,-73.98458690000001
30,30,40.7290868,-73.9780213
31,31,40.7317701,-73.9826377
33,33,40.73260090000001,-73.9818937
34,34,40.7326203,-73.9819699
36,36,40.729060700000005,-73.9760699
37,37,40.7332365,-73.98068900000001
38,38,40.733163299999994,-73.9815796
40,40,40.74422970000001,-74.0027808
41,41,40.743061100000006,-74.0031458
42,42,40.739956,-74.00344
43,43,40.7399646,-74.00338620000001
44,44,40.7432515,-74.00166569999998
45,45,40.71612639999999,-74.0095405
46,46,40.715126700000006,-74.00581420000002
47,47,40.7099633,-74.0087355
48,48,40.716694399999994,-74.01005079999999
49,49,40.71436370000001,-74.01093999999998
50,50,40.7102321,-74.00744929999998
52,52,40.710269800000006,-74.0058543
53,53,40.7105237,-74.00770899999998
54,54,40.7129677,-74.00780970000001
56,56,40.71284910000001,-74.01306540000002
57,57,40.7099494,-74.00874739999998
58,58,40.7157785,-74.00588929999998
59,59,40.71028319999999,-74.0060297
60,60,40.71547870000001,-74.005545
61,61,40.71547870000001,-74.00554489999998
62,62,40.71543380000001,-74.00545340000001
63,63,40.7155169,-74.00547009999998
64,64,40.7093664,-74.00997500000003
65,65,40.76191729999999,-73.9904037
66,66,40.7618758,-73.9936566
67,67,40.764686299999994,-73.98828909999999
68,68,40.7642797,-73.98747009999998
69,69,40.7625557,-73.9862502
70,70,40.76064299999999,-73.98760490000001
71,71,40.76690989999999,-73.9897962
72,72,40.76137610000001,-73.9923001
73,73,40.763114200000004,-73.98959140000001
74,74,40.763062299999994,-73.9895725
75,75,40.7646973,-73.9883747
76,76,40.76325149999999,-73.990831
77,77,40.762663,-73.9862196
78,78,40.76064619999999,-73.98762640000001
80,80,40.7618607,-73.9935397
81,81,40.7643421,-73.9841598
83,83,40.7675768,-73.98922409999999
85,85,40.7168039,-73.956537
86,86,40.718072,-73.954814
87,87,40.7199545,-73.9623005
88,88,40.7201208,-73.9616365
89,89,40.715877,-73.96005459999998
90,90,40.719108399999996,-73.96317690000001
92,92,40.719001299999995,-73.96329770000001
93,93,40.713637,-73.99413270000001
95,95,40.71372600000001,-73.996763
96,96,40.714822999999996,-73.99658099999998
97,97,40.71370719999999,-73.9967564
98,98,40.7118958,-74.00021729999999
99,99,40.714087,-73.99793020000001
100,100,40.7140013,-73.9933839
101,101,40.7144275,-73.99745480000001
102,102,40.71478339999999,-73.9972059
103,103,40.71367619999999,-73.9971896
104,104,40.713725,-73.9972046
105,105,40.7113009,-73.99659849999998
106,106,40.71206230000001,-73.9979524
107,107,40.71327959999999,-73.9967075
108,108,40.7137233,-73.9966017
109,109,40.7136917,-73.9975578
110,110,40.7118989,-74.00030600000001
111,111,40.7139472,-73.99632640000002
112,112,40.713900200000005,-73.9983603
113,113,40.783742,-73.94941899999998
114,114,40.788129999999995,-73.95315099999998
115,115,40.784423600000004,-73.94857619999998
116,116,40.786432500000004,-73.9507837
117,117,40.78786700000001,-73.9441787
118,118,40.7898473,-73.94626889999998
119,119,40.7866225,-73.9451426
120,120,40.785811700000004,-73.9428526
121,121,40.784837200000005,-73.94410620000001
123,123,40.78226579999999,-73.95182539999998
126,126,40.782241000000006,-73.95183209999998
128,128,40.78316720000001,-73.95318089999998
133,133,40.778585299999996,-73.9824222
134,134,40.77459400000001,-73.980628
135,135,40.7761787,-73.98304929999998
136,136,40.778147499999996,-73.9852566
137,137,40.77138139999999,-73.9829085
138,138,40.7788634,-73.9827583
139,139,40.77691280000001,-73.9825907
140,140,40.7769209,-73.9825972
141,141,40.7748695,-73.9877319
142,142,40.77587399999999,-73.9817633
143,143,40.77713479999999,-73.98304499999998
144,144,40.77689779999999,-73.98252339999998
145,145,40.77703249999999,-73.98702949999998
146,146,40.7746082,-73.9805925
147,147,40.77136489999999,-73.9824605
148,148,40.7712549,-73.9825017
150,150,40.7785002,-73.98243520000001
151,151,40.7190917,-73.98867309999999
153,153,40.7171895,-73.99584399999998
154,154,40.7180375,-73.99690869999998
155,155,40.7176718,-73.9915781
156,156,40.71569590000001,-73.9907011
157,157,40.7187473,-73.9959202
158,158,40.718459,-73.994179
159,159,40.7218654,-73.9951949
160,160,40.717383899999994,-73.9971896
161,161,40.717303,-73.99679499999998
162,162,40.72179939999999,-73.9887837
163,163,40.718327200000004,-73.99819190000001
164,164,40.71707010000001,-73.9978055
165,165,40.716286,-73.9969371
166,166,40.7167,-73.99658000000001
167,167,40.7175006,-73.99569749999998
168,168,40.719339,-73.9979237
169,169,40.71889999999999,-73.9953532
170,170,40.718827600000004,-73.99634019999998
171,171,40.67368,-73.97626699999998
172,172,40.676928600000004,-73.97196600000001
173,173,40.676936299999994,-73.9719365
174,174,40.676936700000006,-73.9719363
175,175,40.6769365,-73.97193639999998
176,176,40.6769362,-73.9719365
177,177,40.676936600000005,-73.97193670000001
178,178,40.676936100000006,-73.97193620000002
179,179,40.6781474,-73.9779855
180,180,40.67755770000001,-73.9731324
181,181,40.6779377,-73.9732868
182,182,40.677862,-73.97312699999998
183,183,40.6782619,-73.970569
184,184,40.6738002,-73.9725115
185,185,40.67368579999999,-73.97626509999998
186,186,40.8023464,-73.9370507
187,187,40.802065999999996,-73.93658980000002
188,188,40.807338200000004,-73.9437432
189,189,40.801998,-73.9393525
190,190,40.80409480000001,-73.9378005
191,191,40.80404189999999,-73.9411715
192,192,40.805238200000005,-73.9412267
193,193,40.8046868,-73.9375844
195,195,40.803768100000006,-73.9415317
196,196,40.80463549999999,-73.9375447
197,197,40.80472049999999,-73.93754349999998
200,200,40.804815000000005,-73.93685500000001
201,201,40.802846100000004,-73.9367625
202,202,40.802386799999994,-73.9371302
204,204,40.80180060000001,-73.9376145
205,205,40.801792999999996,-73.93761490000001
206,206,40.79999600000001,-73.968452
207,207,40.79818399999999,-73.96331599999998
208,208,40.798517,-73.963663
209,209,40.797655,-73.968137
210,210,40.8014711,-73.96097809999998
211,211,40.7981947,-73.9633642
212,212,40.8014041,-73.96739140000001
213,213,40.8012755,-73.96532970000001
214,214,40.80490059999999,-73.96578180000002
215,215,40.8016426,-73.96509870000001
216,216,40.8014042,-73.9673925
217,217,40.8014901,-73.96751090000001
219,219,40.8007385,-73.9689071
220,220,40.7988059,-73.9691663
223,223,40.7987484,-73.9692328
225,225,40.79852899999999,-73.9636725
227,227,40.713093,-73.9636898
228,228,40.71132799999999,-73.95983829999999
230,230,40.71351999999999,-73.958415
232,232,40.711751899999996,-73.95767359999998
236,236,40.711214299999995,-73.95802019999998
237,237,40.751618500000006,-73.9885199
238,238,40.7511838,-73.99213940000001
239,239,40.748293,-73.9886318
240,240,40.75095309999999,-73.98734879999998
243,243,40.748202899999995,-73.99424300000001
244,244,40.7503431,-73.99067889999998
245,245,40.749692200000005,-73.98897159999999
246,246,40.75144379999999,-73.98908420000001
247,247,40.752599,-73.99280429999999
248,248,40.75197829999999,-73.9940672
249,249,40.753556,-73.98818309999999
250,250,40.7513083,-73.9862168
251,251,40.75007189999999,-73.9922026
252,252,40.75144079999999,-73.990675
253,253,40.749335200000004,-73.9895554
254,254,40.7512149,-73.9922235
255,255,40.7512148,-73.9922255
256,256,40.751059999999995,-73.99323000000001
257,257,40.70680889999999,-74.0094276
258,258,40.707461200000004,-74.00459940000002
259,259,40.7078943,-74.0049023
260,260,40.70566850000001,-74.0060958
262,262,40.7076193,-74.01059479999998
263,263,40.7087751,-74.0039209
264,264,40.70723479999999,-74.00297409999999
265,265,40.7069453,-74.00747309999998
268,268,40.70835950000001,-74.0060041
272,272,40.7073705,-74.0046083
276,276,40.70690829999999,-74.0096853
293,293,40.7770616,-73.9786864
296,296,40.71164599999999,-73.945802
297,297,40.706973,-73.94998850000002
299,299,40.7068972,-73.94996840000002
300,300,40.714369,-73.94457799999998
301,301,40.71123779999999,-73.9502411
302,302,40.711616,-73.945386
303,303,40.7117104,-73.9454193
304,304,40.71100759999999,-73.94397559999999
305,305,40.7115429,-73.94234250000001
306,306,40.7116821,-73.9423369
307,307,40.714373200000004,-73.9445927
309,309,40.762685,-73.9682693
310,310,40.76500410000001,-73.9770138
311,311,40.7621749,-73.9728615
312,312,40.76765899999999,-73.968828
313,313,40.7647181,-73.97112840000001
314,314,40.7638934,-73.9667755
315,315,40.762643,-73.96826899999998
316,316,40.7643053,-73.96687349999998
317,317,40.7629937,-73.971158
318,318,40.763071999999994,-73.967945
319,319,40.76386769999999,-73.96671540000001
321,321,40.763853999999995,-73.96668000000001
324,324,40.764531,-73.98254509999998
327,327,40.7662424,-73.9824061
329,329,40.766814600000004,-73.9825558
334,334,40.765268400000004,-73.9842426
335,335,40.7613923,-73.9844401
337,337,40.7662456,-73.98219509999998
341,341,40.76762799999999,-73.984413
342,342,40.727878000000004,-74.0073395
343,343,40.727752,-74.007695
344,344,40.72629289999999,-74.0087338
346,346,40.7536567,-73.9955598
365,365,40.79558970000001,-73.93050769999998
366,366,40.800064,-73.93580700000003
367,367,40.79666470000001,-73.9377258
368,368,40.801696,-73.93457009999999
369,369,40.7981179,-73.93408559999999
370,370,40.79648460000001,-73.93836440000001
371,371,40.7975585,-73.93949659999998
372,372,40.7962986,-73.934857
373,373,40.798532,-73.936235
374,374,40.80075,-73.935458
375,375,40.798999200000004,-73.93900119999998
376,376,40.797510300000006,-73.9395068
377,377,40.7976559,-73.9405975
378,378,40.7978269,-73.9405192
379,379,40.708132899999995,-74.017798
382,382,40.7160847,-73.94440909999999
384,384,40.715029799999996,-73.9442995
391,391,40.7121966,-73.94104820000001
394,394,40.783971,-73.973722
395,395,40.786919,-73.972461
396,396,40.783962100000004,-73.9736594
397,397,40.72847529999999,-74.0000523
398,398,40.73386800000001,-74.0047282
399,399,40.72644260000001,-74.001023
400,400,40.73294979999999,-73.9996687
401,401,40.7308718,-74.002033
403,403,40.7323635,-74.0002064
404,404,40.7284685,-74.00002140000001
405,405,40.72806920000001,-73.9993207
406,406,40.73369119999999,-74.0030921
407,407,40.733692600000005,-74.00341030000001
408,408,40.7338793,-73.9990311
409,409,40.72668770000001,-74.0013903
410,410,40.73381759999999,-74.00306590000002
411,411,40.72996359999999,-74.0025036
413,413,40.72847529999999,-74.0000522
414,414,40.7283861,-74.00007
415,415,40.7280552,-73.99932439999998
416,416,40.73369479999999,-74.003097
417,417,40.6869512,-73.98530090000001
418,418,40.6878956,-73.9817922
419,419,40.6883617,-73.98083129999998
420,420,40.689559,-73.98071230000002
421,421,40.69119570000001,-73.98255999999998
422,422,40.69150940000001,-73.981189
423,423,40.687052,-73.985978
424,424,40.689709,-73.986317
425,425,40.689656899999996,-73.98223469999998
427,427,40.690127000000004,-73.9809095
428,428,40.68803169999999,-73.9800975
429,429,40.69110070000001,-73.9872728
430,430,40.6911952,-73.98716689999998
432,432,40.6880477,-73.9799788
433,433,40.691270700000004,-73.9872382
434,434,40.764537,-73.96103219999998
436,436,40.768072499999995,-73.96358579999998
437,437,40.766431,-73.959797
438,438,40.76590909999999,-73.96268959999998
439,439,40.7689127,-73.9609641
440,440,40.768802,-73.9609906
441,441,40.766090999999996,-73.9568079
442,442,40.76448870000001,-73.95866
443,443,40.7689865,-73.9578638
445,445,40.768932299999996,-73.9579064
446,446,40.7673848,-73.9626092
447,447,40.7707148,-73.95955620000001
448,448,40.765750700000005,-73.9627557
449,449,40.764448,-73.9570143
450,450,40.768064,-73.9635291
452,452,40.764385,-73.95680999999998
454,454,40.7560099,-73.9858954
456,456,40.7539398,-73.9865382
457,457,40.75625890000001,-73.9865075
458,458,40.7526218,-73.9832327
459,459,40.75286699999999,-73.9848075
461,461,40.7575866,-73.98993570000002
463,463,40.7545231,-73.9864845
469,469,40.75676439999999,-73.98571919999998
470,470,40.75284310000001,-73.98479350000001
471,471,40.7563182,-73.98259519999998
473,473,40.7550351,-73.98664050000001
485,485,40.7266409,-74.0012859
490,490,40.7383432,-74.00007020000001
492,492,40.7395279,-74.00291259999999
493,493,40.737336600000006,-74.00460389999998
494,494,40.7348782,-74.0003344
495,495,40.7372928,-74.00475279999998
497,497,40.741207,-74.001254
498,498,40.7400881,-74.00264729999998
499,499,40.73905560000001,-74.0002811
500,500,40.73843309999999,-74.0002196
501,501,40.73422100000001,-74.0059122
506,506,40.7373808,-74.0033739
507,507,40.73770440000001,-74.0012066
510,510,40.744926299999996,-73.99852159999999
511,511,40.7475068,-74.0002786
512,512,40.7472138,-74.00116489999998
513,513,40.7471296,-74.0010848
515,515,40.74566600000001,-73.99780799999999
517,517,40.74600039999999,-73.9973983
518,518,40.74559989999999,-73.99780799999999
519,519,40.74563649999999,-73.99395849999998
520,520,40.745613399999996,-74.00172839999998
521,521,40.74381870000001,-73.9998715
522,522,40.7448804,-73.9984521
523,523,40.74582729999999,-73.9991407
524,524,40.747220399999996,-73.9968373
525,525,40.747223999999996,-73.99659679999998
526,526,40.7467389,-73.9970633
527,527,40.7460115,-73.99740820000001
528,528,40.74594920000001,-73.9974156
529,529,40.7456857,-73.9985083
530,530,40.77814670000001,-73.9487063
532,532,40.781242,-73.94660470000001
533,533,40.78164599999999,-73.951421
534,534,40.779807399999996,-73.94689269999998
535,535,40.7781044,-73.9488685
536,536,40.7814033,-73.9507115
537,537,40.7770065,-73.95036379999998
540,540,40.7781672,-73.94890939999998
541,541,40.778159,-73.9489
544,544,40.780528499999996,-73.9550182
545,545,40.78045420000001,-73.9551561
546,546,40.7769876,-73.95037889999998
547,547,40.78051200000001,-73.9552235
548,548,40.7804932,-73.9552523
549,549,40.77830879999999,-73.95180239999998
550,550,40.74081469999999,-73.99314659999999
551,551,40.7417607,-73.9970059
554,554,40.7436745,-73.99117530000001
555,555,40.74043229999999,-73.9940984
556,556,40.74372690000001,-73.99181159999998
557,557,40.744601,-73.99244999999998
559,559,40.74304449999999,-73.9915328
560,560,40.73898139999999,-73.99523839999998
561,561,40.73892819999999,-73.99608769999998
562,562,40.74323599999999,-73.9943432
563,563,40.743921,-73.99175009999998
565,565,40.74294280000001,-73.99229229999999
567,567,40.74194489999999,-73.9966639
568,568,40.741434399999996,-73.99003859999998
569,569,40.738931799999996,-73.9960545
570,570,40.74838399999999,-73.9854792
571,571,40.7465856,-73.98558259999999
572,572,40.7463602,-73.980317
573,573,40.7466958,-73.98479959999999
575,575,40.74653920000001,-73.9849772
579,579,40.747505700000005,-73.9858036
582,582,40.7475322,-73.98201340000001
584,584,40.746309600000004,-73.9825438
585,585,40.7468931,-73.9834812
589,589,40.7474904,-73.98572440000001
591,591,40.73812059999999,-73.99039479999998
593,593,40.7367848,-73.99186399999998
596,596,40.735473299999995,-73.99349459999998
597,597,40.7364235,-73.99602420000001
598,598,40.7368055,-73.98831640000002
601,601,40.7368302,-73.9883747
605,605,40.734872700000004,-73.98966089999998
606,606,40.7364814,-73.99783470000001
607,607,40.7377506,-73.98777179999998
608,608,40.734615500000004,-73.99107629999999
613,613,40.71427979999999,-74.00388840000001
617,617,40.7168844,-74.00440479999999
629,629,40.7159638,-74.0033437
630,630,40.7794152,-73.97702650000001
632,632,40.77943550000001,-73.97706240000001
634,634,40.72208369999999,-73.9774793
635,635,40.721613399999995,-73.98021429999999
636,636,40.7232064,-73.9765506
637,637,40.7212355,-73.9780906
638,638,40.7229555,-73.9769147
639,639,40.7232925,-73.9766439
640,640,40.7223015,-73.98355459999999
641,641,40.722343,-73.98369149999998
642,642,40.7202194,-73.9787391
643,643,40.724664000000004,-73.97617319999998
644,644,40.7244422,-73.98433440000001
645,645,40.726494200000005,-73.97670790000001
646,646,40.7236018,-73.9855687
647,647,40.7264101,-73.97643719999998
655,655,40.74337149999999,-74.0003344
656,656,40.734934300000006,-73.9983433
661,661,40.73600500000001,-73.998367
666,666,40.74122059999999,-74.00109189999998
668,668,40.76439619999999,-73.9539303
671,671,40.7631864,-73.95910970000001
672,672,40.7642951,-73.9552958
674,674,40.7643535,-73.9551627
677,677,40.76408319999999,-73.95602699999998
679,679,40.76426029999999,-73.95352439999998
688,688,40.691001299999996,-73.95133620000001
689,689,40.6947406,-73.9521046
690,690,40.6949429,-73.9520885
691,691,40.696462100000005,-73.9526626
692,692,40.6903006,-73.95171719999998
693,693,40.697194999999994,-73.95610390000002
694,694,40.7246966,-73.9515418
695,695,40.7259255,-73.952377
696,696,40.7238424,-73.95005019999998
697,697,40.72471229999999,-73.95150759999999
698,698,40.72080689999999,-73.94542460000002
699,699,40.72507239999999,-73.94723019999998
700,700,40.75922699999999,-73.979807
701,701,40.75889310000001,-73.9696106
702,702,40.76369609999999,-73.9764605
703,703,40.7604557,-73.9710577
705,705,40.75753580000001,-73.97000909999998
706,706,40.75732929999999,-73.96941140000001
707,707,40.76163629999999,-73.9702157
708,708,40.7586396,-73.9711925
709,709,40.7573126,-73.96945809999998
710,710,40.7593578,-73.9741415
711,711,40.7602213,-73.9783197
712,712,40.7635427,-73.97643719999998
713,713,40.7632908,-73.9775162
716,716,40.7603402,-73.9790395
717,717,40.7577217,-73.96989359999998
720,720,40.739217,-73.9754976
721,721,40.7393082,-73.9755646
728,728,40.73936259999999,-73.9756402
729,729,40.7371823,-73.9767127
731,731,40.737534000000004,-73.979277
732,732,40.73752999999999,-73.98138900000001
734,734,40.738708300000006,-73.9800838
735,735,40.7360311,-73.97938420000001
736,736,40.736766100000004,-73.97682370000001
762,762,40.763985999999996,-73.9623335
763,763,40.75934829999999,-73.96171919999998
765,765,40.76169,-73.963301
766,766,40.763986200000005,-73.9623318
767,767,40.7608351,-73.96064190000001
768,768,40.7641718,-73.95671479999999
785,785,40.75944169999999,-73.9958571
788,788,40.759675,-73.99205870000002
790,790,40.76026189999999,-73.9932872
794,794,40.7574784,-73.98987829999999
798,798,40.75673949999999,-73.99056279999998
799,799,40.8051011,-73.96255749999999
803,803,40.805201000000004,-73.96273120000001
805,805,40.8041282,-73.96725409999998
807,807,40.804836,-73.9657974
813,813,40.8051462,-73.9626656
815,815,40.7091445,-73.9642458
816,816,40.67980319999999,-73.9968987
817,817,40.6798099,-73.99689120000001
818,818,40.67531049999999,-74.00183309999998
819,819,40.6822018,-73.998498
834,834,40.7631259,-73.9672923
835,835,40.76313450000001,-73.96720669999998
837,837,40.76228219999999,-73.9750365
839,839,40.76259,-73.96551090000001
840,840,40.708816399999996,-73.95946380000002
886,886,40.734797799999996,-73.99840619999998
889,889,40.6826258,-73.9629872
890,890,40.68300500000001,-73.96384499999998
891,891,40.68355500000001,-73.9656929
892,892,40.683614,-73.966635
893,893,40.6812802,-73.9558753
894,894,40.678179,-73.963546
897,897,40.7257598,-73.9870892
899,899,40.7306131,-73.98934059999998
903,903,40.72808759999999,-73.98696290000001
904,904,40.7258335,-73.98708090000002
915,915,40.6689505,-73.9867627
916,916,40.66761899999999,-73.9785
919,919,40.670312200000005,-73.985528
920,920,40.66879929999999,-73.98479350000001
925,925,40.6688773,-73.984833
926,926,40.6679741,-73.9809575
927,927,40.6685326,-73.9872728
928,928,40.6691073,-73.97942720000002
929,929,40.66894740000001,-73.9867907
931,931,40.66610779999999,-73.98250940000001
932,932,40.667855100000004,-73.9804547
933,933,40.6687975,-73.97960529999999
934,934,40.6690326,-73.9796252
949,949,40.69275559999999,-73.99131299999998
950,950,40.693877,-73.99240499999998
951,951,40.692744299999994,-73.99129889999998
952,952,40.6929549,-73.99269720000001
953,953,40.6939871,-73.99231739999998
954,954,40.69001799999999,-73.9924061
955,955,40.6949235,-73.9940677
956,956,40.6948739,-73.99403819999999
957,957,40.6936178,-73.9908539
959,959,40.6889011,-73.993003
960,960,40.6906076,-73.9910146
961,961,40.6934716,-73.99141759999998
962,962,40.6927,-73.99136340000001
963,963,40.693583600000004,-73.99079019999998
965,965,40.6936178,-73.9908538
974,974,40.7178494,-74.0033756
987,987,40.7178438,-74.00344849999998
989,989,40.7751717,-73.9589017
990,990,40.777467,-73.957236
991,991,40.7738805,-73.9607736
992,992,40.7782263,-73.9561703
994,994,40.77373479999999,-73.9607338
995,995,40.77946350000001,-73.95639440000001
996,996,40.7750576,-73.9627566
997,997,40.777933600000004,-73.9564863
998,998,40.777953499999995,-73.9563668
999,999,40.77418209999999,-73.963499
1000,1000,40.778642600000005,-73.95493450000002
1001,1001,40.7175065,-74.00052819999998
1002,1002,40.720573,-74.00487
1003,1003,40.7174247,-74.0008579
1004,1004,40.7221049,-73.9969718
1005,1005,40.7195581,-73.9989822
1007,1007,40.7195531,-73.9989598
1010,1010,40.720838799999996,-74.00095040000001
1012,1012,40.71979280000001,-74.00551560000002
1015,1015,40.718562799999994,-73.9997834
1016,1016,40.7180982,-74.0010358
1017,1017,40.72200170000001,-73.9969371
1019,1019,40.722030600000004,-73.99693119999998
1020,1020,40.71792809999999,-73.9993932
1021,1021,40.7314602,-73.95415320000001
1022,1022,40.7293683,-73.9542525
1023,1023,40.7285406,-73.95361740000001
1024,1024,40.7273815,-73.95338670000001
1025,1025,40.7322542,-73.95768670000001
1027,1027,40.72969919999999,-73.95436579999998
1029,1029,40.7299855,-73.9543618
1030,1030,40.7299961,-73.95439689999998
1031,1031,40.729966499999996,-73.9543968
1032,1032,40.7273799,-73.95336189999998
1048,1048,40.7322535,-73.9874105
1053,1053,40.7681859,-73.9857715
1056,1056,40.7681859,-73.98577540000001
1057,1057,40.7689185,-73.9854191
1058,1058,40.7682729,-73.9851584
1060,1060,40.76849620000001,-73.9856429
1061,1061,40.76842,-73.9861939
1062,1062,40.7696537,-73.9861992
1063,1063,40.768308700000006,-73.98513790000001
1065,1065,40.76964100000001,-73.98668599999998
1068,1068,40.7693591,-73.9857925
1069,1069,40.770653700000004,-73.9877647
1071,1071,40.7681639,-73.985069
1073,1073,40.7240495,-73.99135369999998
1074,1074,40.726111100000004,-73.9956168
1076,1076,40.725100899999994,-73.9944187
1089,1089,40.728340100000004,-73.99466600000001
1090,1090,40.72835870000001,-73.99472990000001
1105,1105,40.7459218,-73.98896400000002
1112,1112,40.744623700000005,-73.98766309999998
1120,1120,40.72499229999999,-73.9967313
1122,1122,40.7187888,-73.9950885
1123,1123,40.7188881,-73.99632799999998
1125,1125,40.7448837,-73.9768505
1134,1134,40.746225200000005,-73.978687
1139,1139,40.73983250000001,-73.98276829999999
1142,1142,40.7424641,-73.97707109999999
1143,1143,40.7399505,-73.9789431
1157,1157,40.7596826,-73.996128
1162,1162,40.707384999999995,-73.960955
1168,1168,40.708160299999996,-73.95779499999998
1169,1169,40.708158700000006,-73.95765279999998
1171,1171,40.707885499999996,-73.9560193
1214,1214,40.73203249999999,-73.9962309
1221,1221,40.71645900000001,-73.9981486
1225,1225,40.717042,-73.999772
1229,1229,40.71704500000001,-73.99907990000001
1263,1263,40.77587379999999,-73.94740039999998
1267,1267,40.77638579999999,-73.94706219999998
1269,1269,40.7758656,-73.9475088
1270,1270,40.77597249999999,-73.9478532
1272,1272,40.7768972,-73.94879449999998
1273,1273,40.7768906,-73.94889529999998
1275,1275,40.7759058,-73.94981820000001
1283,1283,40.776312,-73.953204
1284,1284,40.77435550000001,-73.95641789999998
1288,1288,40.7737045,-73.95957209999999
1289,1289,40.7739282,-73.95499939999998
1291,1291,40.7743326,-73.9519172
1293,1293,40.771995700000005,-73.9564352
1294,1294,40.774255,-73.95161499999998
1296,1296,40.7738571,-73.95502979999998
1298,1298,40.77715560000001,-73.95487609999998
1328,1328,40.74142550000001,-73.9744025
1330,1330,40.7470773,-73.9768046
1336,1336,40.7423034,-73.9740858
1337,1337,40.74403639999999,-73.9748168
1354,1354,40.719978000000005,-73.9876692
1356,1356,40.720061799999996,-73.9876172
1358,1358,40.719064700000004,-73.98870889999998
1364,1364,40.71876029999999,-73.98512480000001
1366,1366,40.69583449999999,-73.9327832
1367,1367,40.6993585,-73.93980979999998
1368,1368,40.6986476,-73.93782470000002
1369,1369,40.696749600000004,-73.93513670000002
1370,1370,40.695383500000005,-73.9402753
1371,1371,40.69543529999999,-73.94035129999999
1372,1372,40.6990183,-73.93937470000002
1373,1373,40.69918769999999,-73.9410108
1374,1374,40.699196,-73.94113759999999
1375,1375,40.695864,-73.9327215
1376,1376,40.70095189999999,-73.939702
1380,1380,40.7033226,-74.00889620000001
1382,1382,40.7056876,-74.01006890000001
1386,1386,40.7062208,-74.01139719999998
1395,1395,40.7040662,-74.01114559999998
1403,1403,40.7539595,-73.9717841
1404,1404,40.753787900000006,-73.9695344
1406,1406,40.754396299999996,-73.9761618
1407,1407,40.754154299999996,-73.97376820000001
1411,1411,40.7540181,-73.97349870000001
1414,1414,40.7572274,-73.9714247
1452,1452,40.68125739999999,-73.99447769999998
1453,1453,40.68131029999999,-73.99452679999999
1455,1455,40.6853831,-73.99190990000001
1456,1456,40.68620840000001,-73.9905096
1457,1457,40.68298370000001,-73.9937922
1460,1460,40.6830976,-73.9903719
1461,1461,40.6835945,-73.98999309999998
1462,1462,40.68540280000001,-73.99161670000001
1464,1464,40.686277200000006,-73.99063740000001
1465,1465,40.6869682,-73.9934823
1467,1467,40.7939981,-73.94950039999998
1468,1468,40.7951506,-73.9449806
1469,1469,40.794631200000005,-73.94914620000002
1470,1470,40.7939289,-73.94320019999998
1471,1471,40.793959,-73.94330179999999
1472,1472,40.799352299999995,-73.94376249999998
1473,1473,40.7958348,-73.9480635
1474,1474,40.7958341,-73.94806400000002
1475,1475,40.79762389999999,-73.9481679
1476,1476,40.7992366,-73.94366529999998
1477,1477,40.7928057,-73.9461426
1478,1478,40.793460100000004,-73.94362840000001
1479,1479,40.800028299999994,-73.94672440000001
1480,1480,40.793947700000004,-73.94326099999999
1481,1481,40.7950231,-73.94247519999998
1482,1482,40.7934321,-73.9435328
1483,1483,40.7953152,-73.94221390000001
1485,1485,40.7343531,-73.9830259
1504,1504,40.7927609,-73.94107559999998
1505,1505,40.7908446,-73.94335
1506,1506,40.7911377,-73.9392445
1509,1509,40.7914779,-73.94386899999999
1511,1511,40.790355,-73.942278
1518,1518,40.78964799999999,-73.94291700000001
1545,1545,40.7037429,-74.0118845
1548,1548,40.70479020000001,-74.007369
1549,1549,40.7049014,-74.0113762
1550,1550,40.70686569999999,-74.0097069
1572,1572,40.744963899999995,-73.9770407
1575,1575,40.7167265,-74.0148968
1577,1577,40.68122899999999,-73.976905
1578,1578,40.67786150000001,-73.9797601
1580,1580,40.67801,-73.98223399999998
1593,1593,40.7173453,-73.9855516
1597,1597,40.6985686,-73.9580745
1598,1598,40.69055379999999,-73.9598135
1606,1606,40.71595749999999,-73.997609
1625,1625,40.719172,-74.0107611
1628,1628,40.70516130000001,-74.01597059999999
1632,1632,40.703922999999996,-74.01302840000001
1635,1635,40.706288799999996,-74.01324840000001
1637,1637,40.7063636,-74.01561699999998
1641,1641,40.7568108,-73.99718359999999
1655,1655,40.7138638,-73.9904384
1665,1665,40.8091589,-73.94732509999999
1666,1666,40.81198850000001,-73.95012890000001
1667,1667,40.80956079999999,-73.94917690000001
1668,1668,40.81042989999999,-73.9525467
1669,1669,40.8109219,-73.953754
1670,1670,40.8128178,-73.9555323
1671,1671,40.813326200000006,-73.95586279999998
1672,1672,40.8140658,-73.94803069999998
1673,1673,40.8101608,-73.9468625
1674,1674,40.8101402,-73.94682409999999
1675,1675,40.8137638,-73.9563617
1676,1676,40.8081614,-73.94803689999998
1677,1677,40.80744440000001,-73.9497701
1678,1678,40.81191,-73.95757909999998
1680,1680,40.8117962,-73.9576436
1681,1681,40.791982,-73.968563
1682,1682,40.7910495,-73.96838879999999
1684,1684,40.78791249999999,-73.9750593
1687,1687,40.79100450000001,-73.9736823
1688,1688,40.788664000000004,-73.97026869999998
1690,1690,40.7887084,-73.97000909999998
1692,1692,40.789513899999996,-73.9740497
1693,1693,40.791093599999996,-73.9737646
1694,1694,40.7919838,-73.9686316
1696,1696,40.792007299999995,-73.96860439999998
1697,1697,40.789962599999996,-73.9755392
1699,1699,40.789894399999994,-73.97560909999999
1717,1717,40.732944200000006,-73.98694880000001
1722,1722,40.6933053,-73.97959559999998
1731,1731,40.674106,-73.962937
1732,1732,40.675484600000004,-73.96009049999998
1733,1733,40.674124400000004,-73.962823
1734,1734,40.67235489999999,-73.96249540000002
1764,1764,40.68457840000001,-73.95019520000001
1766,1766,40.6809574,-73.95420490000001
1769,1769,40.793143900000004,-73.96677989999998
1771,1771,40.793903,-73.9664068
1789,1789,40.75629969999999,-73.98656109999999
1791,1791,40.7537541,-73.9881697
1793,1793,40.753254,-73.99149670000001
1794,1794,40.75471769999999,-73.99389819999998
1795,1795,40.7539461,-73.98657920000001
1812,1812,40.7079256,-74.01116479999999
1816,1816,40.686302600000005,-73.96829199999998
1817,1817,40.68595120000001,-73.97384240000001
1818,1818,40.683705999999994,-73.9750196
1820,1820,40.686265899999995,-73.96825280000002
1823,1823,40.68628719999999,-73.968246
1825,1825,40.685905600000005,-73.9738775
1836,1836,40.771012299999995,-73.9503284
1841,1841,40.771553600000004,-73.9498973
1843,1843,40.770931,-73.95037889999998
1844,1844,40.770374,-73.94997219999998
1851,1851,40.77345109999999,-73.9522271
1863,1863,40.7641896,-73.9151657
1864,1864,40.76208219999999,-73.9107528
1865,1865,40.7631218,-73.9136733
1866,1866,40.7662026,-73.9133724
1867,1867,40.764970700000006,-73.9139004
1868,1868,40.76589999999999,-73.91369399999998
1869,1869,40.7662449,-73.9133516
1872,1872,40.7642144,-73.91501009999999
1873,1873,40.764241999999996,-73.91511539999998
1874,1874,40.767723700000005,-73.91118569999998
1883,1883,40.70762,-73.95483999999998
1887,1887,40.705909600000005,-73.9598275
1898,1898,40.7633589,-73.97756559999998
1903,1903,40.764306899999994,-73.97771290000001
1905,1905,40.7656307,-73.97864109999998
1906,1906,40.760963200000006,-73.97263170000001
1907,1907,40.765807,-73.978095
1924,1924,40.75019289999999,-73.97169190000001
1926,1926,40.7517567,-73.97551800000001
1928,1928,40.7504959,-73.97693699999998
1929,1929,40.750023999999996,-73.9754042
1932,1932,40.749691600000006,-73.9748302
1935,1935,40.7508086,-73.9769882
1936,1936,40.750812100000005,-73.9755335
1938,1938,40.7495266,-73.9769137
1943,1943,40.75001079999999,-73.97540599999998
1984,1984,40.6933915,-73.9712947
1985,1985,40.6929485,-73.9702157
1986,1986,40.689629700000005,-73.96996490000001
1987,1987,40.69308970000001,-73.96765690000001
1989,1989,40.6933029,-73.9710814
1990,1990,40.6933995,-73.97203429999998
1991,1991,40.693397,-73.9737865
2008,2008,40.737410100000005,-73.97918840000001
2009,2009,40.7373408,-73.97891659999998
2031,2031,40.7008259,-73.9424803
2034,2034,40.702698,-73.94221
2035,2035,40.6992723,-73.9444187
2036,2036,40.699474,-73.94279399999998
2038,2038,40.7016702,-73.94318790000001
2039,2039,40.70074989999999,-73.94257490000001
2040,2040,40.6958184,-73.9443876
2044,2044,40.700607700000006,-73.941223
2045,2045,40.7007646,-73.9426221
2046,2046,40.70106159999999,-73.94111720000001
2047,2047,40.701173,-73.9407123
2079,2079,40.6950941,-73.97648319999998
2118,2118,40.7749027,-73.91332390000001
2119,2119,40.773717,-73.91349600000002
2120,2120,40.771964000000004,-73.920388
2121,2121,40.774021999999995,-73.91352629999999
2122,2122,40.7742262,-73.9137994
2123,2123,40.774640999999995,-73.912959
2124,2124,40.77205000000001,-73.92031300000001
2125,2125,40.77197089999999,-73.92037950000001
2126,2126,40.7718895,-73.9208511
2127,2127,40.7542348,-73.9322392
2128,2128,40.75103500000001,-73.93939509999998
2129,2129,40.753791,-73.9381176
2130,2130,40.7531066,-73.93507220000001
2131,2131,40.751413899999996,-73.9351095
2132,2132,40.750128000000004,-73.94071199999998
2137,2137,40.739864600000004,-73.98690549999998
2140,2140,40.7398403,-73.98699330000002
2141,2141,40.737880600000004,-73.983499
2142,2142,40.7377544,-73.98357890000001
2143,2143,40.7376968,-73.98359980000001
2147,2147,40.739796500000004,-73.98479350000001
2148,2148,40.739178,-73.9833568
2149,2149,40.7407935,-73.987107
2151,2151,40.740868299999995,-73.98690549999998
2152,2152,40.74079069999999,-73.98682059999999
2155,2155,40.74293420000001,-73.9838968
2156,2156,40.742963,-73.9839556
2178,2178,40.7568241,-73.96370350000001
2179,2179,40.756468700000006,-73.96401740000002
2183,2183,40.7587582,-73.966623
2184,2184,40.754848700000004,-73.9658995
2187,2187,40.754742500000006,-73.96585379999998
2188,2188,40.7547951,-73.9640963
2189,2189,40.7538777,-73.9676214
2190,2190,40.7559074,-73.96819350000001
2191,2191,40.753949299999995,-73.96961879999998
2192,2192,40.7521044,-73.9702157
2193,2193,40.75198459999999,-73.9697795
2194,2194,40.7578574,-73.96300029999998
2226,2226,40.696071200000006,-73.9940146
2231,2231,40.6929684,-73.99288220000001
2236,2236,40.691345399999996,-73.9975798
2271,2271,40.7444051,-73.9871555
2275,2275,40.74302280000001,-73.98421009999998
2288,2288,40.67038529999999,-73.98562
2289,2289,40.6687953,-73.9847682
2290,2290,40.743587899999994,-73.9535387
2291,2291,40.7436369,-73.95354739999998
2292,2292,40.74309569999999,-73.955269
2293,2293,40.743452600000005,-73.9591916
2294,2294,40.7454011,-73.9559933
2295,2295,40.6842164,-73.97625339999998
2296,2296,40.68384520000001,-73.9754325
2299,2299,40.684597100000005,-73.9794275
2301,2301,40.68463729999999,-73.9768505
2303,2303,40.684810999999996,-73.9775032
2307,2307,40.684588700000006,-73.97691920000003
2312,2312,40.6816267,-73.97598959999998
2325,2325,40.7912278,-73.94452749999998
2327,2327,40.7912159,-73.94452390000001
2329,2329,40.79890459999999,-73.94113109999998
2348,2348,40.7369684,-73.9794448
2355,2355,40.7364685,-73.97694770000001
2358,2358,40.71293,-73.988661
2359,2359,40.7131072,-73.9877319
2439,2439,40.788171500000004,-73.977113
2445,2445,40.7927227,-73.9737318
2451,2451,40.7891383,-73.9790084
2456,2456,40.7853386,-73.9785546
2540,2540,40.7411672,-74.00114640000001
2544,2544,40.741421,-74.0016887
2545,2545,40.7414719,-74.00157879999998
2547,2547,40.74340979999999,-74.0002052
2548,2548,40.68065929999999,-73.92844050000001
2549,2549,40.6772539,-73.93408769999998
2550,2550,40.6771916,-73.93407479999998
2551,2551,40.6771847,-73.93407619999999
2552,2552,40.793366000000006,-73.97235970000001
2554,2554,40.79271000000001,-73.97175299999998
2555,2555,40.7953471,-73.9716981
2556,2556,40.79422259999999,-73.96978899999998
2558,2558,40.795443299999995,-73.97076919999998
2561,2561,40.79350389999999,-73.9701009
2562,2562,40.793428799999994,-73.97232209999999
2563,2563,40.7953341,-73.9717338
2564,2564,40.794179,-73.96986199999998
2565,2565,40.7953989,-73.9716747
2566,2566,40.79652600000001,-73.97268799999998
2573,2573,40.790035700000004,-73.95384589999998
2575,2575,40.7883737,-73.95368509999999
2577,2577,40.791405899999994,-73.9515498
2578,2578,40.78846980000001,-73.95354739999998
2580,2580,40.791264700000006,-73.95156170000001
2582,2582,40.7882342,-73.95311109999999
2583,2583,40.7885866,-73.9491413
2584,2584,40.704508700000005,-73.94116079999998
2585,2585,40.7048835,-73.94257429999998
2586,2586,40.70361320000001,-73.94168739999998
2587,2587,40.70362129999999,-73.94244069999998
2588,2588,40.707462400000004,-73.9399625
2589,2589,40.706227,-73.942874
2590,2590,40.7097059,-73.9403564
2591,2591,40.706119,-73.9433069
2593,2593,40.705233899999996,-73.9443847
2594,2594,40.70434459999999,-73.94315259999998
2595,2595,40.70397999999999,-73.94238849999998
2596,2596,40.704239,-73.94312320000002
2597,2597,40.70393449999999,-73.94248929999998
2599,2599,40.7047318,-73.9443008
2601,2601,40.703610100000006,-73.9423194
2603,2603,40.7833782,-73.9806751
2605,2605,40.78258889999999,-73.98043790000001
2606,2606,40.783642,-73.97908199999998
2611,2611,40.78249369999999,-73.97746029999998
2612,2612,40.782923700000005,-73.97871040000001
2615,2615,40.7831675,-73.98010179999999
2617,2617,40.78360989999999,-73.98097829999999
2624,2624,40.716155900000004,-73.9863546
2631,2631,40.7161516,-73.98618139999998
2633,2633,40.71298969999999,-73.98867309999999
2634,2634,40.71375880000001,-73.9905555
2635,2635,40.7128059,-73.98966109999998
2636,2636,40.714487,-73.99239140000002
2637,2637,40.7138626,-73.98699010000001
2638,2638,40.716685600000005,-73.9895397
2727,2727,40.750846,-73.9831887
2759,2759,40.7642846,-73.97968540000001
2849,2849,40.7525,-74.00104999999998
2850,2850,40.7475393,-74.0046938
2851,2851,40.7496565,-73.99853089999998
2852,2852,40.75331749999999,-73.9989001
2873,2873,40.69236679999999,-73.93966479999999
2874,2874,40.6923734,-73.9413
2875,2875,40.69241359999999,-73.94036779999998
2879,2879,40.69566299999999,-73.94332399999998
2881,2881,40.6957313,-73.94440909999999
2896,2896,40.7473401,-73.9426301
2934,2934,40.7472731,-73.99301550000001
2936,2936,40.748227299999996,-73.9942959
2937,2937,40.8020023,-73.95010359999998
2938,2938,40.80212989999999,-73.9491926
2939,2939,40.79930880000001,-73.9522405
2940,2940,40.799313399999996,-73.95212099999998
2943,2943,40.802065899999995,-73.9492088
2946,2946,40.801406799999995,-73.94764959999998
2986,2986,40.7674632,-73.9376807
2987,2987,40.7673165,-73.9376061
3033,3033,40.765899700000006,-73.9314363
3035,3035,40.7644097,-73.9307168
3036,3036,40.7647888,-73.93054000000001
3037,3037,40.76459379999999,-73.92997559999998
3038,3038,40.7643906,-73.9307237
3041,3041,40.76585860000001,-73.93155039999998
3042,3042,40.76464910000001,-73.92996590000001
3044,3044,40.7648133,-73.93062909999998
3045,3045,40.76478609999999,-73.9305078
3056,3056,40.670655100000005,-73.95540710000002
3057,3057,40.675762899999995,-73.9563426
3058,3058,40.67619409999999,-73.9562452
3059,3059,40.672065,-73.9567618
3060,3060,40.674669400000006,-73.9534887
3062,3062,40.6705477,-73.9555295
3092,3092,40.751272799999995,-73.97315669999998
3094,3094,40.7506336,-73.97497349999998
3095,3095,40.75136359999999,-73.97631969999998
3097,3097,40.75256499999999,-73.97139899999998
3117,3117,40.745575,-74.00171689999998
3118,3118,40.745818299999996,-73.9991158
3135,3135,40.6881894,-73.94760720000001
3136,3136,40.6874191,-73.94777789999998
3172,3172,40.7710786,-73.96306229999998
3173,3173,40.77101460000001,-73.95910359999998
3175,3175,40.7707329,-73.9595157
3176,3176,40.7689499,-73.95794149999998
3187,3187,40.7727094,-73.9323694
3189,3189,40.6771943,-74.01340379999998
3190,3190,40.677824,-74.00996099999998
3191,3191,40.67782390000001,-74.00996049999999
3192,3192,40.67729,-74.015478
3193,3193,40.6778316,-74.0099291
3194,3194,40.674893,-74.011798
3197,3197,40.81324779999999,-73.941836
3198,3198,40.8131306,-73.9388918
3199,3199,40.8082369,-73.9456302
3200,3200,40.8082458,-73.94581140000001
3201,3201,40.8142287,-73.9396101
3202,3202,40.8099502,-73.9372396
3206,3206,40.813635600000005,-73.9444733
3207,3207,40.813741,-73.94432499999998
3208,3208,40.807342999999996,-73.94368759999998
3209,3209,40.81406399999999,-73.94497799999998
3228,3228,40.7351261,-73.99269040000001
3233,3233,40.7613877,-73.93491929999998
3238,3238,40.75961480000001,-73.9364763
3250,3250,40.798925,-73.941183
3252,3252,40.798562100000005,-73.9418448
3254,3254,40.80115229999999,-73.94383119999998
3292,3292,40.7661186,-73.9193123
3293,3293,40.7672657,-73.92250109999998
3294,3294,40.768441100000004,-73.92026
3298,3298,40.7661589,-73.9194212
3309,3309,40.679849600000004,-73.94259759999998
3310,3310,40.680864,-73.949911
3311,3311,40.679848,-73.942549
3312,3312,40.6788636,-73.94985849999998
3313,3313,40.68067930000001,-73.95088559999998
3314,3314,40.680220500000004,-73.9510677
3315,3315,40.68030710000001,-73.94447790000001
3316,3316,40.680846,-73.94989670000001
3317,3317,40.680423700000006,-73.94760219999998
3318,3318,40.6806777,-73.9501872
3319,3319,40.6795735,-73.94475349999998
3320,3320,40.68043419999999,-73.95257389999998
3321,3321,40.676636200000004,-73.9500474
3342,3342,40.8099556,-73.93717099999998
3345,3345,40.80889609999999,-73.9359015
3373,3373,40.7704767,-73.9528663
3395,3395,40.7541443,-73.9736599
3396,3396,40.6887438,-73.96025910000002
3418,3418,40.7361566,-73.99138190000001
3457,3457,40.770724200000004,-73.9542132
3459,3459,40.77062529999999,-73.95423709999999
3460,3460,40.7706388,-73.9542979
3462,3462,40.7703135,-73.9545806
3487,3487,40.705469799999996,-73.960004
3497,3497,40.70543850000001,-73.95997609999998
3523,3523,40.7548326,-73.97940279999999
3526,3526,40.7557048,-73.97974079999999
3529,3529,40.7576349,-73.9795365
3534,3534,40.75772109999999,-73.97955920000001
3535,3535,40.755360100000004,-73.9798689
3539,3539,40.76009939999999,-73.9818092
3557,3557,40.7474287,-73.9772407
3558,3558,40.745371799999994,-73.9821073
3559,3559,40.742722,-73.9768505
3574,3574,40.71505519999999,-73.9829568
3577,3577,40.7161861,-73.9867378
3578,3578,40.715917600000004,-73.98719009999998
3607,3607,40.7173831,-73.98042989999998
3611,3611,40.783655200000005,-73.9570495
3622,3622,40.7824485,-73.9573128
3625,3625,40.7804174,-73.95518359999998
3626,3626,40.7824648,-73.9572895
3628,3628,40.782492700000006,-73.9572723
3629,3629,40.764548600000005,-73.92303759999999
3630,3630,40.7626164,-73.9195184
3633,3633,40.76868899999999,-73.924888
3634,3634,40.762676,-73.91943719999998
3637,3637,40.7651223,-73.9180593
3638,3638,40.76508860000001,-73.91807899999998
3639,3639,40.7646669,-73.9237443
3640,3640,40.7681573,-73.92437729999999
3641,3641,40.76858360000001,-73.92454659999999
3642,3642,40.768592,-73.92454060000001
3643,3643,40.76863,-73.924559
3644,3644,40.7625938,-73.9206248
3646,3646,40.7626026,-73.91957889999998
3674,3674,40.668274,-73.959127
3675,3675,40.6703384,-73.9506459
3676,3676,40.671269200000005,-73.95052940000001
3680,3680,40.6663724,-73.9564807
3682,3682,40.6652364,-73.9567876
3683,3683,40.66796399999999,-73.95102179999998
3684,3684,40.667966299999996,-73.95087199999998
3685,3685,40.6703114,-73.95081510000001
3687,3687,40.6693559,-73.9503749
3688,3688,40.669357,-73.950367
3696,3696,40.7565764,-73.93031040000001
3697,3697,40.7566724,-73.9302045
3698,3698,40.761767,-73.92526
3699,3699,40.76148680000001,-73.92611240000001
3700,3700,40.7615924,-73.92500030000002
3701,3701,40.7595105,-73.92768110000002
3702,3702,40.761340000000004,-73.92442270000001
3703,3703,40.76166679999999,-73.9252814
3704,3704,40.7573708,-73.9310891
3706,3706,40.75806499999999,-73.93155039999998
3707,3707,40.7613031,-73.93011779999998
3708,3708,40.761483399999996,-73.9262038
3709,3709,40.76155309999999,-73.9261081
3710,3710,40.761419000000004,-73.93126190000001
3713,3713,40.803739,-73.9533454
3714,3714,40.80330699999999,-73.94835499999998
3715,3715,40.803306799999994,-73.9483554
3731,3731,40.701838,-73.943353
3732,3732,40.7017029,-73.94321509999999
3739,3739,40.68973620000001,-73.97869140000002
3743,3743,40.690569599999996,-73.97772499999998
3744,3744,40.690681299999994,-73.9778238
3745,3745,40.6905691,-73.9776868
3795,3795,40.6895678,-73.97742439999998
3956,3956,40.68968129999999,-73.97740309999999
3990,3990,40.758944,-73.96511890000001
4059,4059,40.7603622,-73.979226
4060,4060,40.7604008,-73.97915649999999
4097,4097,40.7799301,-73.9474511
4100,4100,40.78000720000001,-73.9474856
4188,4188,40.759536100000005,-73.96773639999998
4201,4201,40.77413509999999,-73.9634803
4218,4218,40.7733309,-73.9596632
4220,4220,40.814983100000006,-73.95804749999998
4222,4222,40.8172779,-73.95304229999998
4223,4223,40.81730039999999,-73.9531033
4224,4224,40.816425200000005,-73.95368599999998
4225,4225,40.81648000000001,-73.95378000000001
4230,4230,40.81546790000001,-73.95787690000002
4231,4231,40.815017100000006,-73.95809279999999
4233,4233,40.81513320000001,-73.95814770000001
4238,4238,40.815368799999995,-73.95886800000001
4256,4256,40.759366799999995,-73.9367628
4398,4398,40.66074109999999,-73.9610198
4400,4400,40.6631753,-73.95760779999998
4401,4401,40.6606424,-73.9611011
4407,4407,40.7635035,-73.92805390000001
4419,4419,40.7640112,-73.9274515
4421,4421,40.763802,-73.9286915
4423,4423,40.763831200000006,-73.929762
4435,4435,40.8033915,-73.93571490000001
4443,4443,40.802484,-73.93445600000001
4472,4472,40.742673399999994,-73.9894407
4492,4492,40.7503109,-73.9723967
4495,4495,40.75201070000001,-73.9702282
4496,4496,40.752300299999995,-73.97153689999998
4513,4513,40.7780583,-73.9511429
4536,4536,40.69260380000001,-73.93302
4559,4559,40.6975251,-73.9927158
4560,4560,40.701994000000006,-73.986852
4561,4561,40.6972797,-73.99279949999998
4562,4562,40.703166100000004,-73.99171129999998
4563,4563,40.700920999999994,-73.9954984
4583,4583,40.7568059,-73.92041309999998
4585,4585,40.7605406,-73.9227781
4586,4586,40.7586799,-73.9189434
4588,4588,40.7602027,-73.9209643
4589,4589,40.7567437,-73.9205599
4590,4590,40.75841649999999,-73.9196595
4591,4591,40.75861299999999,-73.91884270000001
4592,4592,40.75883580000001,-73.9184176
4593,4593,40.7601652,-73.92205390000002
4594,4594,40.760236600000006,-73.92205870000001
4716,4716,40.765653799999995,-73.9654772
4727,4727,40.76411299999999,-73.96429239999998
4728,4728,40.7625878,-73.96560459999998
4731,4731,40.67969299999999,-73.94160500000001
4732,4732,40.679575,-73.93899470000001
4734,4734,40.6796229,-73.93899010000001
4796,4796,40.70162790000001,-73.98270959999998
4797,4797,40.7016169,-73.98264429999998
4806,4806,40.6653821,-73.9891782
4807,4807,40.6653612,-73.9891689
4808,4808,40.65959499999999,-73.984489
4809,4809,40.65997869999999,-73.9809942
4810,4810,40.659988,-73.98098999999998
4811,4811,40.66054219999999,-73.9798579
4832,4832,40.7128994,-73.97919209999998
4834,4834,40.7133417,-73.98381979999998
4836,4836,40.714303799999996,-73.98160279999999
4872,4872,40.7855558,-73.9552081
4874,4874,40.781983399999994,-73.9540225
4937,4937,40.78758320000001,-73.9426221
4951,4951,40.7878695,-73.94417940000001
4953,4953,40.79120820000001,-73.9443546
4955,4955,40.791205100000006,-73.94457539999998
4970,4970,40.6959403,-73.9938081
5069,5069,40.773473100000004,-73.90717509999999
5070,5070,40.771874,-73.9089678
5071,5071,40.77485069999999,-73.9091171
5072,5072,40.77100779999999,-73.90367119999998
5073,5073,40.770962299999994,-73.9037635
5074,5074,40.7709048,-73.90370349999998
5077,5077,40.774316,-73.90854999999998
5078,5078,40.7743327,-73.90852890000001
5080,5080,40.77098499999999,-73.9037634
5081,5081,40.77534900000001,-73.909592
5114,5114,40.7061558,-73.95015140000001
5121,5121,40.755153799999995,-73.9443021
5357,5357,40.7773787,-73.9221125
5362,5362,40.77014570000001,-73.98067569999998
5405,5405,40.7613199,-73.91645890000001
5415,5415,40.761638100000006,-73.91808139999998
5535,5535,40.73731859999999,-74.00024239999998
5536,5536,40.737361799999995,-74.00020409999998
5537,5537,40.738325599999996,-74.0005594
5614,5614,40.80152470000001,-73.9435056
5617,5617,40.8010851,-73.9438059
5627,5627,40.805144399999996,-73.95461060000002
5629,5629,40.80201539999999,-73.956914
5631,5631,40.8052049,-73.954438
5670,5670,40.66469439999999,-73.99032629999998
5671,5671,40.6628297,-73.99155400000001
5677,5677,40.8153525,-73.95888000000001
5726,5726,40.710344000000006,-73.9905785
5756,5756,40.801394200000004,-73.96099129999999
5830,5830,40.713982200000004,-73.99349409999999
5833,5833,40.714057700000005,-73.9933939
5874,5874,40.767990999999995,-73.95547599999998
5875,5875,40.7679696,-73.95557790000001
5878,5878,40.7674573,-73.9540295
5884,5884,40.7689324,-73.9579064
5908,5908,40.7788027,-73.91416699999998
5909,5909,40.77616450000001,-73.91030699999999
5963,5963,40.77768029999999,-73.9085365
5989,5989,40.805876700000006,-73.9614271
6055,6055,40.670508500000004,-73.9725828
6088,6088,40.77182949999999,-73.92394870000001
6089,6089,40.76895,-73.92558299999999
6090,6090,40.771832,-73.9239266
6106,6106,40.77503679999999,-73.93337159999999
6128,6128,40.751161700000004,-73.97958059999998
6132,6132,40.75134029999999,-73.9787503
6145,6145,40.751510700000004,-73.980845
6146,6146,40.7513905,-73.9808355
6247,6247,40.74161499999999,-73.97478269999998
6249,6249,40.7414826,-73.97464659999999
6251,6251,40.7420529,-73.97425989999998
6252,6252,40.7468168,-73.9721855
6253,6253,40.7422466,-73.97430329999999
6254,6254,40.7475852,-73.973315
6260,6260,40.74771320000001,-73.9734431
6293,6293,40.76737199999999,-73.9829077
6347,6347,40.773369,-73.9598692
6348,6348,40.772524,-73.9603765
6352,6352,40.773619599999996,-73.95951690000001
6353,6353,40.77102290000001,-73.96296079999998
6398,6398,40.6876951,-73.9391321
6408,6408,40.67096179999999,-73.97798449999999
6409,6409,40.670914399999994,-73.97788929999999
6412,6412,40.67091449999999,-73.9778936
6422,6422,40.76710359999999,-73.96293779999998
6460,6460,40.750683200000005,-73.9811227
6539,6539,40.752059499999994,-73.98022519999998
6541,6541,40.751357,-73.97895989999998
6624,6624,40.7591148,-73.97403849999998
6676,6676,40.8023499,-73.9341051
6707,6707,40.7584703,-73.96242020000001
6708,6708,40.75830489999999,-73.96238679999998
6713,6713,40.76145,-73.963362
6714,6714,40.7584595,-73.9574478
6715,6715,40.759874100000005,-73.9674691
6717,6717,40.762676500000005,-73.9601041
6718,6718,40.76301550000001,-73.9629297
6749,6749,40.6688856,-73.97951499999998
6948,6948,40.667871999999996,-73.980478
6989,6989,40.76541829999999,-73.9635074
6990,6990,40.7654848,-73.9633781
6991,6991,40.765361999999996,-73.96344289999998
7289,7289,40.74522559999999,-73.99149670000001
7291,7291,40.7452461,-73.99151479999998
7292,7292,40.745345,-73.99126989999998
7362,7362,40.75944200000001,-73.91368100000001
7666,7666,40.78641939999999,-73.9507922
7684,7684,40.6741999,-73.95033240000001
7823,7823,40.7563493,-73.9128808
7829,7829,40.756386600000006,-73.91285570000001
7870,7870,40.75122579999999,-73.9799875
8084,8084,40.784201700000004,-73.94767639999998
8179,8179,40.78435280000001,-73.9480598
8181,8181,40.7833889,-73.95030229999999
8187,8187,40.7813763,-73.95081040000001
8386,8386,40.80910879999999,-73.95917650000001
8430,8430,40.714039899999996,-73.99896159999999
8435,8435,40.71444289999999,-73.9975346
8609,8609,40.655538899999996,-74.00917609999998
8679,8679,40.6633907,-73.95051819999998
8680,8680,40.660487700000004,-73.95091670000001
8681,8681,40.660529700000005,-73.95044109999998
8683,8683,40.664127799999996,-73.95081510000001
8684,8684,40.664133,-73.95071899999998
8685,8685,40.6641299,-73.9506334
8687,8687,40.66026110000001,-73.9508725
8688,8688,40.6602643,-73.9508508
8689,8689,40.6605234,-73.95037109999998
8717,8717,40.815180600000005,-73.9470801
8723,8723,40.8164796,-73.94718420000001
8797,8797,40.7735442,-73.9545894
8798,8798,40.773429799999995,-73.954612
8880,8880,40.7675661,-73.9589309
9173,9173,40.7629282,-73.9598134
9174,9174,40.7629895,-73.95910359999998
9176,9176,40.76299119999999,-73.9599302
9241,9241,40.69952029999999,-73.9543355
9308,9308,40.6744806,-73.94134369999998
9459,9459,40.7044658,-73.95837209999998
9460,9460,40.7042338,-73.9612543
9598,9598,40.75216210000001,-73.9731252
9630,9630,40.66053489999999,-73.97985759999999
9633,9633,40.65677720000001,-73.9777679
9700,9700,40.646567299999994,-74.01929849999998
9701,9701,40.64550500000001,-74.0204
9702,9702,40.6437067,-74.0121772
9703,9703,40.6466416,-74.02111529999998
9705,9705,40.646721500000005,-74.02106119999998
9707,9707,40.64656060000001,-74.0129589
9708,9708,40.64648820000001,-74.01287789999998
9709,9709,40.6463357,-74.01277940000001
9710,9710,40.645725799999994,-74.020523
9711,9711,40.6495989,-74.01302659999999
9712,9712,40.6437593,-74.0121556
